<?xml version="1.0" encoding="UTF-8"?>

<MedicationStatement xmlns="http://hl7.org/fhir">
  <id value="Co-Bisoprolol25-625mg1xACMd"/>
  <text>
    <status value="generated"/><div xmlns="http://www.w3.org/1999/xhtml"><p><b>Generated Narrative</b></p><div style="display: inline-block; background-color: #d9e0e7; padding: 6px; margin: 4px; border: 1px solid #8da1b4; border-radius: 5px; line-height: 60%"><p style="margin-bottom: 0px">Resource "Co-Bisoprolol25-625mg1xACMd" </p></div><p><b>status</b>: active</p><p><b>medication</b>: Co-Bisoprolol EG, 98 x (2,5mg + 6,25mg) <span style="background: LightGoldenRodYellow; margin: 4px; border: 1px solid khaki"> ([not stated]#1609155)</span></p><p><b>subject</b>: <a href="Patient1">Patient1</a></p><p><b>effective</b>: 2021-07-01 --&gt; (ongoing)</p><p><b>derivedFrom</b>: <a href="MedicationStatement-Co-Bisoprolol25-625mg1xACM.html">MedicationStatement/Co-Bisoprolol25-625mg1xACM</a></p></div>
  </text>
  <status value="active"/>
  <medicationCodeableConcept>
    <coding>
      <code value="1609155"/>
      <display value="Co-Bisoprolol EG, 98 x (2,5mg + 6,25mg)"/>
    </coding>
  </medicationCodeableConcept>
  <subject>
    <reference value="Patient1"/>
  </subject>
  <effectivePeriod>
    <start value="2021-07-01"/>
  </effectivePeriod>
  <derivedFrom>
    <reference value="MedicationStatement/Co-Bisoprolol25-625mg1xACM"/>
  </derivedFrom>
  <dosage>
    <timing>
      <repeat>
        <when value="ACM"/>
      </repeat>
    </timing>
    <doseAndRate>
      <doseQuantity>
        <value value="1"/>
      </doseQuantity>
    </doseAndRate>
  </dosage>
</MedicationStatement>