<?xml version="1.0" encoding="UTF-8"?>

<MedicationStatement xmlns="http://hl7.org/fhir">
  <id value="8-treatmentLine"/>
  <meta>
    <profile value="http://hl7belgium.org/fhir/riziv-medicationrecord/StructureDefinition/MedRecordTreatmentLine"/>
  </meta>
  <text>
    <status value="extensions"/><div xmlns="http://www.w3.org/1999/xhtml"><p><b>Generated Narrative</b></p><div style="display: inline-block; background-color: #d9e0e7; padding: 6px; margin: 4px; border: 1px solid #8da1b4; border-radius: 5px; line-height: 60%"><p style="margin-bottom: 0px">Resource "8-treatmentLine" </p><p style="margin-bottom: 0px">Profile: <a href="StructureDefinition-MedRecordTreatmentLine.html">MedRecord Treatment Line profile</a></p></div><p><b>Based On</b>: <span></span></p><p><b>identifier</b>: id: 581998d0-8630-4ec0-8233-1cf5807fca41</p><p><b>status</b>: active</p><p><b>medication</b>: ciprofloxacine oral 500 mg <span style="background: LightGoldenRodYellow; margin: 4px; border: 1px solid khaki"> (vos_product_codes#6734)</span></p><p><b>subject</b>: <span></span></p></div>
  </text>
  <extension url="http://hl7.org/fhir/StructureDefinition/event-basedOn">
    <valueReference>
      <identifier>
        <system value="http://treatment-identifiers.com"/>
        <value value="0d462dac-513a-4fb0-a2fe-fb7f53b27c5d"/>
      </identifier>
    </valueReference>
  </extension>
  <identifier>
    <system value="http://treatmentLines-identifiers.com"/>
    <value value="581998d0-8630-4ec0-8233-1cf5807fca41"/>
  </identifier>
  <status value="active"/>
  <medicationCodeableConcept>
    <coding>
      <system value="https://vos-identifier.be/vos_product_codes"/>
      <code value="6734"/>
      <display value="ciprofloxacine oral 500 mg"/>
    </coding>
  </medicationCodeableConcept>
  <subject>
    <identifier>
      <system value="https://www.ehealth.fgov.be/standards/fhir/NamingSystem/ssin"/>
      <value value="64110219106"/>
    </identifier>
  </subject>
</MedicationStatement>