<?xml version="1.0" encoding="UTF-8"?>

<ValueSet xmlns="http://hl7.org/fhir">
  <id value="be-vs-medication-summary-types"/>
  <text>
    <status value="generated"/><div xmlns="http://www.w3.org/1999/xhtml"><ul><li>Include all codes defined in <a href="CodeSystem-be-cs-medication-summary-types.html"><code>http://hl7belgium.org/fhir/riziv-medicationrecord/CodeSystem/be-cs-medication-summary-types</code></a></li></ul></div>
  </text>
  <url value="http://hl7belgium.org/fhir/riziv-medicationrecord/ValueSet/be-vs-medication-summary-types"/>
  <version value="0.1.0-test"/>
  <name value="BeVSMedicationSummaryTypes"/>
  <title value="Medication Summary Types Value Set"/>
  <status value="active"/>
  <date value="2022-04-25T09:14:05+00:00"/>
  <publisher value="HL7 Belgium"/>
  <contact>
    <telecom>
      <system value="url"/>
      <value value="http://hl7belgium.org"/>
    </telecom>
  </contact>
  <description value="Valueset -  Medication Summary types"/>
  <jurisdiction>
    <coding>
      <system value="urn:iso:std:iso:3166"/>
      <code value="BE"/>
    </coding>
  </jurisdiction>
  <compose>
    <include>
      <system value="http://hl7belgium.org/fhir/riziv-medicationrecord/CodeSystem/be-cs-medication-summary-types"/>
    </include>
  </compose>
</ValueSet>