{
  "resourceType": "CarePlan",
  "id": "week-view",
  "meta": {
    "profile": [
      "http://hl7belgium.org/fhir/riziv-medicationrecord/StructureDefinition/MedRecordMedicationSummaryView"
    ]
  },
  "text": {
    "status": "generated",
    "div": "<div xmlns=\"http://www.w3.org/1999/xhtml\"><p><b>Generated Narrative</b></p><div style=\"display: inline-block; background-color: #d9e0e7; padding: 6px; margin: 4px; border: 1px solid #8da1b4; border-radius: 5px; line-height: 60%\"><p style=\"margin-bottom: 0px\">Resource \"week-view\" </p><p style=\"margin-bottom: 0px\">Profile: <a href=\"StructureDefinition-MedRecordMedicationSummaryView.html\">MedRecord Summary View profile</a></p></div><p><b>identifier</b>: id: ba9efa2a-8b0e-4c64-8a35-3e2c059b1899</p><p><b>status</b>: active</p><p><b>intent</b>: plan</p><p><b>title</b>: Patient scheduled medication for week x</p><p><b>subject</b>: <span></span></p><p><b>period</b>: 2021-08-09 12:00:00+0200 --&gt; 2021-08-15 11:59:59+0200</p><p><b>created</b>: 2021-08-10 10:00:00+0200</p><blockquote><p><b>activity</b></p><h3>Details</h3><table class=\"grid\"><tr><td>-</td><td><b>Kind</b></td><td><b>Status</b></td><td><b>Product[x]</b></td></tr><tr><td>*</td><td>MedicationRequest</td><td>active</td><td>Aspirine 500 mg (36 effervescent tablets) <span style=\"background: LightGoldenRodYellow; margin: 4px; border: 1px solid khaki\"> (cnk_product_codes#00)</span></td></tr></table></blockquote><blockquote><p><b>activity</b></p><h3>Details</h3><table class=\"grid\"><tr><td>-</td><td><b>Kind</b></td><td><b>Status</b></td><td><b>Product[x]</b></td></tr><tr><td>*</td><td>MedicationRequest</td><td>active</td><td>Acidine 75 mg (20 pieces) <span style=\"background: LightGoldenRodYellow; margin: 4px; border: 1px solid khaki\"> (cnk_product_codes#00)</span></td></tr></table></blockquote></div>"
  },
  "identifier": [
    {
      "system": "http://summaries-identifiers.com",
      "value": "ba9efa2a-8b0e-4c64-8a35-3e2c059b1899"
    }
  ],
  "status": "active",
  "intent": "plan",
  "title": "Patient scheduled medication for week x",
  "subject": {
    "identifier": {
      "system": "https://www.ehealth.fgov.be/standards/fhir/NamingSystem/ssin",
      "value": "64110219106"
    }
  },
  "period": {
    "start": "2021-08-09T00:00:00+02:00",
    "end": "2021-08-15T23:59:59+02:00"
  },
  "created": "2021-08-10T10:00:00+02:00",
  "activity": [
    {
      "detail": {
        "kind": "MedicationRequest",
        "status": "active",
        "productCodeableConcept": {
          "coding": [
            {
              "system": "https://cnk.apb.be/codings/cnk_product_codes",
              "code": "00",
              "display": "Aspirine 500 mg (36 effervescent tablets)"
            }
          ]
        }
      }
    },
    {
      "detail": {
        "kind": "MedicationRequest",
        "status": "active",
        "productCodeableConcept": {
          "coding": [
            {
              "system": "https://cnk.apb.be/codings/cnk_product_codes",
              "code": "00",
              "display": "Acidine 75 mg (20 pieces)"
            }
          ]
        }
      }
    }
  ]
}