{
  "resourceType": "MedicationDispense",
  "id": "example-dispense-hospital",
  "meta": {
    "versionId": "1"
  },
  "language": "nl-BE",
  "text": {
    "status": "generated",
    "div": "<div xmlns=\"http://www.w3.org/1999/xhtml\" xml:lang=\"nl-BE\" lang=\"nl-BE\"><p><b>Generated Narrative</b></p><div style=\"display: inline-block; background-color: #d9e0e7; padding: 6px; margin: 4px; border: 1px solid #8da1b4; border-radius: 5px; line-height: 60%\"><p style=\"margin-bottom: 0px\">Resource \"example-dispense-hospital\" Version \"1\"  (Language \"nl-BE\") </p></div><p><b>identifier</b>: dguid: 1000321345</p><p><b>status</b>: completed</p><p><b>medication</b>: 2055218 <span style=\"background: LightGoldenRodYellow; margin: 4px; border: 1px solid khaki\"> (cnk_product_codes#2055218 \"null\")</span></p><p><b>subject</b>: <span></span></p><h3>Performers</h3><table class=\"grid\"><tr><td>-</td><td><b>Actor</b></td></tr><tr><td>*</td><td><span></span></td></tr></table><p><b>authorizingPrescription</b>: <span>: Prescription</span></p><p><b>quantity</b>: 1 package<span style=\"background: LightGoldenRodYellow\"> (Details: http://hl7.org/fhir/Valueset/ucum-units code {package} = '{package}')</span></p><p><b>whenHandedOver</b>: 2020-09-21 01:00:00+0200</p></div>"
  },
  "identifier": [
    {
      "type": {
        "coding": [
          {
            "system": "https://www.nexuzhealth.be/fhir/prescription/ambulatory",
            "version": "1",
            "code": "dguid"
          }
        ]
      },
      "system": "https://www.gfd-dpp.be/fhir/reference/dguid",
      "value": "1000321345"
    }
  ],
  "status": "completed",
  "medicationCodeableConcept": {
    "coding": [
      {
        "system": "https://cnk.apb.be/codings/cnk_product_codes",
        "code": "2055218",
        "_display": {
          "extension": [
            {
              "extension": [
                {
                  "url": "lang",
                  "valueCode": "nl-BE"
                },
                {
                  "url": "content",
                  "valueString": "Crestor filmomh. tabl. 100x 10mg"
                }
              ],
              "url": "http://hl7.org/fhir/StructureDefinition/translation"
            }
          ]
        }
      }
    ]
  },
  "subject": {
    "identifier": {
      "system": "https://www.ehealth.fgov.be/standards/fhir/NamingSystem/ssin",
      "value": "64110219106"
    }
  },
  "performer": [
    {
      "actor": {
        "identifier": {
          "system": "https://www.ehealth.fgov.be/standards/fhir/NamingSystem/nihdi-organization",
          "value": "123123123"
        }
      }
    }
  ],
  "authorizingPrescription": [
    {
      "identifier": {
        "system": "https://www.ehealth.fgov.be/standards/fhir/NamingSystem/prescription-id",
        "value": "BEP1TSRY1XGE"
      },
      "display": "Prescription"
    }
  ],
  "quantity": {
    "value": 1,
    "unit": "package",
    "system": "http://hl7.org/fhir/Valueset/ucum-units",
    "code": "{package}"
  },
  "whenHandedOver": "2020-09-21T13:00:00+02:00",
  "dosageInstruction": [
    {
      "text": "3 x a day",
      "_text": {
        "extension": [
          {
            "extension": [
              {
                "url": "lang",
                "valueCode": "nl-BE"
              },
              {
                "url": "content",
                "valueString": "3 x per dag"
              }
            ],
            "url": "http://hl7.org/fhir/StructureDefinition/translation"
          },
          {
            "extension": [
              {
                "url": "lang",
                "valueCode": "fr-BE"
              },
              {
                "url": "content",
                "valueString": "3 x par jour"
              }
            ],
            "url": "http://hl7.org/fhir/StructureDefinition/translation"
          }
        ]
      },
      "timing": {
        "repeat": {
          "frequency": 3,
          "period": 1,
          "periodUnit": "d"
        }
      }
    }
  ]
}