<?xml version="1.0" encoding="UTF-8"?>

<MedicationRequest xmlns="http://hl7.org/fhir">
  <id value="3-prescription"/>
  <meta>
    <profile value="http://hl7belgium.org/fhir/riziv-medicationrecord/StructureDefinition/MedRecordOrder"/>
  </meta>
  <text>
    <status value="extensions"/><div xmlns="http://www.w3.org/1999/xhtml"><p><b>Generated Narrative</b></p><div style="display: inline-block; background-color: #d9e0e7; padding: 6px; margin: 4px; border: 1px solid #8da1b4; border-radius: 5px; line-height: 60%"><p style="margin-bottom: 0px">Resource "3-prescription" </p><p style="margin-bottom: 0px">Profile: <a href="StructureDefinition-MedRecordOrder.html">BeMedRecord Order profile</a></p></div><p><b>Based On</b>: <span></span></p><p><b>identifier</b>: id: 69eb6358-6eb6-40e4-972f-33d22c3392c5</p><p><b>status</b>: active</p><p><b>intent</b>: order</p><p><b>medication</b>: diclofenac oral 50 mg <span style="background: LightGoldenRodYellow; margin: 4px; border: 1px solid khaki"> (vos_product_codes#9050)</span></p><p><b>subject</b>: <span></span></p><p><b>encounter</b>: <span></span></p><p><b>authoredOn</b>: 2021-07-19 09:00:00+0200</p><p><b>requester</b>: <span>: GP</span></p></div>
  </text>
  <extension url="http://hl7.org/fhir/StructureDefinition/event-basedOn">
    <valueReference>
      <identifier>
        <system value="http://treatment-identifiers.com"/>
        <value value="0d462dac-513a-4fb0-a2fe-fb7f53b27c5d"/>
      </identifier>
    </valueReference>
  </extension>
  <identifier>
    <system value="http://prescription-identifiers.com"/>
    <value value="69eb6358-6eb6-40e4-972f-33d22c3392c5"/>
  </identifier>
  <status value="active"/>
  <intent value="order"/>
  <medicationCodeableConcept>
    <coding>
      <system value="https://vos-identifier.be/vos_product_codes"/>
      <code value="9050"/>
      <display value="diclofenac oral 50 mg"/>
    </coding>
  </medicationCodeableConcept>
  <subject>
    <identifier>
      <system value="https://www.ehealth.fgov.be/standards/fhir/NamingSystem/ssin"/>
      <value value="64110219106"/>
    </identifier>
  </subject>
  <encounter>
    <identifier>
      <system value="http://encounter-identifiers.com"/>
      <value value="0cf5dc52-28dc-43ce-96d2-3a757526c739"/>
    </identifier>
  </encounter>
  <authoredOn value="2021-07-19T09:00:00+02:00"/>
  <requester>
    <identifier>
      <system value="http://physician-identifiers.com"/>
      <value value="7c121778-5b2b-442d-9314-0a73995ab3dd"/>
    </identifier>
    <display value="GP"/>
  </requester>
</MedicationRequest>