<?xml version="1.0" encoding="UTF-8"?>

<MedicationRequest xmlns="http://hl7.org/fhir">
  <id value="1-scheduledadministration1"/>
  <meta>
    <profile value="http://hl7belgium.org/fhir/riziv-medicationrecord/StructureDefinition/MedRecordMedicationScheduledAdministration"/>
  </meta>
  <text>
    <status value="generated"/><div xmlns="http://www.w3.org/1999/xhtml"><p><b>Generated Narrative</b></p><div style="display: inline-block; background-color: #d9e0e7; padding: 6px; margin: 4px; border: 1px solid #8da1b4; border-radius: 5px; line-height: 60%"><p style="margin-bottom: 0px">Resource "1-scheduledadministration1" </p><p style="margin-bottom: 0px">Profile: <a href="StructureDefinition-MedRecordMedicationScheduledAdministration.html">MedRecord Scheduled Administration profile</a></p></div><p><b>identifier</b>: id: f56b6358-6eb6-40e4-972f-33d22c3392768</p><p><b>status</b>: active</p><p><b>intent</b>: instance-order</p><p><b>medication</b>: Amlodipin Sandoz tabl. (deelb.) Besilaat 100x 5mg <span style="background: LightGoldenRodYellow; margin: 4px; border: 1px solid khaki"> (cnk_product_codes#2399640)</span></p><p><b>subject</b>: <span></span></p><p><b>authoredOn</b>: 2021-07-19 09:00:00+0200</p></div>
  </text>
  <identifier>
    <system value="http://prescription-identifiers.com"/>
    <value value="f56b6358-6eb6-40e4-972f-33d22c3392768"/>
  </identifier>
  <status value="active"/>
  <intent value="instance-order"/>
  <medicationCodeableConcept>
    <coding>
      <system value="https://cnk.apb.be/codings/cnk_product_codes"/>
      <code value="2399640"/>
      <display value="Amlodipin Sandoz tabl. (deelb.) Besilaat 100x 5mg"/>
    </coding>
  </medicationCodeableConcept>
  <subject>
    <identifier>
      <system value="https://www.ehealth.fgov.be/standards/fhir/NamingSystem/ssin"/>
      <value value="64110219106"/>
    </identifier>
  </subject>
  <authoredOn value="2021-07-19T09:00:00+02:00"/>
  <dosageInstruction>
    <timing>
      <event value="2021-07-19T10:00:00+02:00"/>
    </timing>
  </dosageInstruction>
</MedicationRequest>