<?xml version="1.0" encoding="UTF-8"?>

<MedicationStatement xmlns="http://hl7.org/fhir">
  <id value="Dafalgan500mgmix"/>
  <text>
    <status value="generated"/><div xmlns="http://www.w3.org/1999/xhtml"><p><b>Generated Narrative</b></p><div style="display: inline-block; background-color: #d9e0e7; padding: 6px; margin: 4px; border: 1px solid #8da1b4; border-radius: 5px; line-height: 60%"><p style="margin-bottom: 0px">Resource "Dafalgan500mgmix" </p></div><p><b>status</b>: active</p><p><b>medication</b>: Paracetamol 500 mg <span style="background: LightGoldenRodYellow; margin: 4px; border: 1px solid khaki"> ([not stated]#123123123)</span></p><p><b>subject</b>: <a href="Patient1">Patient1</a></p><p><b>effective</b>: 2022-01-01 --&gt; (ongoing)</p><p><b>derivedFrom</b>: </p><ul><li><a href="MedicationStatement-Paracetamol500mg1xCV.html">MedicationStatement/Paracetamol500mg1xCV</a></li><li><a href="MedicationStatement-Dafalgan500mg1xmeal.html">MedicationStatement/Dafalgan500mg1xmeal</a></li></ul></div>
  </text>
  <status value="active"/>
  <medicationCodeableConcept>
    <coding>
      <code value="123123123"/>
      <display value="Paracetamol 500 mg"/>
    </coding>
  </medicationCodeableConcept>
  <subject>
    <reference value="Patient1"/>
  </subject>
  <effectivePeriod>
    <start value="2022-01-01"/>
  </effectivePeriod>
  <derivedFrom>
    <reference value="MedicationStatement/Paracetamol500mg1xCV"/>
  </derivedFrom>
  <derivedFrom>
    <reference value="MedicationStatement/Dafalgan500mg1xmeal"/>
  </derivedFrom>
  <dosage>
    <timing>
      <repeat>
        <when value="CM"/>
      </repeat>
    </timing>
    <doseAndRate>
      <doseQuantity>
        <value value="1"/>
      </doseQuantity>
    </doseAndRate>
  </dosage>
  <dosage>
    <timing>
      <repeat>
        <when value="CD"/>
      </repeat>
    </timing>
    <doseAndRate>
      <doseQuantity>
        <value value="1"/>
      </doseQuantity>
    </doseAndRate>
  </dosage>
  <dosage>
    <timing>
      <repeat>
        <when value="CV"/>
      </repeat>
    </timing>
    <doseAndRate>
      <doseQuantity>
        <value value="2"/>
      </doseQuantity>
    </doseAndRate>
  </dosage>
</MedicationStatement>