<?xml version="1.0" encoding="UTF-8"?>

<StructureDefinition xmlns="http://hl7.org/fhir">
  <id value="BeModelMedicationRecordDispense"/>
  <text>
    <status value="extensions"/><div xmlns="http://www.w3.org/1999/xhtml"><table border="0" cellpadding="0" cellspacing="0" style="border: 0px #F0F0F0 solid; font-size: 11px; font-family: verdana; vertical-align: top;"><tr style="border: 1px #F0F0F0 solid; font-size: 11px; font-family: verdana; vertical-align: top"><th style="vertical-align: top; text-align : left; background-color: white; border: 0px #F0F0F0 solid; padding:0px 4px 0px 4px" class="hierarchy"><a href="http://hl7.org/fhir/R4/formats.html#table" title="The logical name of the element">Name</a></th><th style="vertical-align: top; text-align : left; background-color: white; border: 0px #F0F0F0 solid; padding:0px 4px 0px 4px" class="hierarchy"><a href="http://hl7.org/fhir/R4/formats.html#table" title="Information about the use of the element">Flags</a></th><th style="vertical-align: top; text-align : left; background-color: white; border: 0px #F0F0F0 solid; padding:0px 4px 0px 4px" class="hierarchy"><a href="http://hl7.org/fhir/R4/formats.html#table" title="Minimum and Maximum # of times the the element can appear in the instance">Card.</a></th><th style="width: 100px" class="hierarchy"><a href="http://hl7.org/fhir/R4/formats.html#table" title="Reference to the type of the element">Type</a></th><th style="vertical-align: top; text-align : left; background-color: white; border: 0px #F0F0F0 solid; padding:0px 4px 0px 4px" class="hierarchy"><a href="http://hl7.org/fhir/R4/formats.html#table" title="Additional information about the element">Description &amp; Constraints</a><span style="float: right"><a href="http://hl7.org/fhir/R4/formats.html#table" title="Legend for this format"><img src="http://hl7.org/fhir/R4/help16.png" alt="doco" style="background-color: inherit"/></a></span></th></tr><tr style="border: 0px #F0F0F0 solid; padding:0px; vertical-align: top; background-color: white"><td style="vertical-align: top; text-align : left; background-color: white; border: 0px #F0F0F0 solid; padding:0px 4px 0px 4px; white-space: nowrap; background-image: url(tbl_bck1.png)" class="hierarchy"><img src="tbl_spacer.png" alt="." style="background-color: inherit" class="hierarchy"/><img src="icon_element.gif" alt="." style="background-color: white; background-color: inherit" title="Element" class="hierarchy"/> <a href="StructureDefinition-BeModelMedicationRecordDispense-definitions.html#BeModelMedicationRecordDispense">BeModelMedicationRecordDispense</a><a name="BeModelMedicationRecordDispense"> </a></td><td style="vertical-align: top; text-align : left; background-color: white; border: 0px #F0F0F0 solid; padding:0px 4px 0px 4px" class="hierarchy"/><td style="vertical-align: top; text-align : left; background-color: white; border: 0px #F0F0F0 solid; padding:0px 4px 0px 4px" class="hierarchy"><span style="opacity: 0.5">0</span><span style="opacity: 0.5">..</span><span style="opacity: 0.5">*</span></td><td style="vertical-align: top; text-align : left; background-color: white; border: 0px #F0F0F0 solid; padding:0px 4px 0px 4px" class="hierarchy"/><td style="vertical-align: top; text-align : left; background-color: white; border: 0px #F0F0F0 solid; padding:0px 4px 0px 4px" class="hierarchy">Medication Record Dispense logical model</td></tr>
<tr style="border: 0px #F0F0F0 solid; padding:0px; vertical-align: top; background-color: #F7F7F7"><td style="vertical-align: top; text-align : left; background-color: #F7F7F7; border: 0px #F0F0F0 solid; padding:0px 4px 0px 4px; white-space: nowrap; background-image: url(tbl_bck10.png)" class="hierarchy"><img src="tbl_spacer.png" alt="." style="background-color: inherit" class="hierarchy"/><img src="tbl_vjoin.png" alt="." style="background-color: inherit" class="hierarchy"/><img src="icon_datatype.gif" alt="." style="background-color: #F7F7F7; background-color: inherit" title="Data Type" class="hierarchy"/> <a href="StructureDefinition-BeModelMedicationRecordDispense-definitions.html#BeModelMedicationRecordDispense.identifier" title="The business identifier(s) for the medication dispense session">identifier</a><a name="BeModelMedicationRecordDispense.identifier"> </a></td><td style="vertical-align: top; text-align : left; background-color: #F7F7F7; border: 0px #F0F0F0 solid; padding:0px 4px 0px 4px" class="hierarchy"/><td style="vertical-align: top; text-align : left; background-color: #F7F7F7; border: 0px #F0F0F0 solid; padding:0px 4px 0px 4px" class="hierarchy">0..1</td><td style="vertical-align: top; text-align : left; background-color: #F7F7F7; border: 0px #F0F0F0 solid; padding:0px 4px 0px 4px" class="hierarchy"><a href="http://hl7.org/fhir/R4/datatypes.html#Identifier">Identifier</a></td><td style="vertical-align: top; text-align : left; background-color: #F7F7F7; border: 0px #F0F0F0 solid; padding:0px 4px 0px 4px" class="hierarchy">The business identifier(s) for the medication dispense session</td></tr>
<tr style="border: 0px #F0F0F0 solid; padding:0px; vertical-align: top; background-color: white"><td style="vertical-align: top; text-align : left; background-color: white; border: 0px #F0F0F0 solid; padding:0px 4px 0px 4px; white-space: nowrap; background-image: url(tbl_bck10.png)" class="hierarchy"><img src="tbl_spacer.png" alt="." style="background-color: inherit" class="hierarchy"/><img src="tbl_vjoin.png" alt="." style="background-color: inherit" class="hierarchy"/><img src="icon_reference.png" alt="." style="background-color: white; background-color: inherit" title="Reference to another Resource" class="hierarchy"/> <a href="StructureDefinition-BeModelMedicationRecordDispense-definitions.html#BeModelMedicationRecordDispense.patient" title="The person for which the medication is dispensed.">patient</a><a name="BeModelMedicationRecordDispense.patient"> </a></td><td style="vertical-align: top; text-align : left; background-color: white; border: 0px #F0F0F0 solid; padding:0px 4px 0px 4px" class="hierarchy"/><td style="vertical-align: top; text-align : left; background-color: white; border: 0px #F0F0F0 solid; padding:0px 4px 0px 4px" class="hierarchy">1..1</td><td style="vertical-align: top; text-align : left; background-color: white; border: 0px #F0F0F0 solid; padding:0px 4px 0px 4px" class="hierarchy"><a href="http://hl7.org/fhir/R4/references.html">Reference</a>(<a href="http://hl7.org/fhir/R4/patient.html">Patient</a>)</td><td style="vertical-align: top; text-align : left; background-color: white; border: 0px #F0F0F0 solid; padding:0px 4px 0px 4px" class="hierarchy">The person for which the medication is dispensed.</td></tr>
<tr style="border: 0px #F0F0F0 solid; padding:0px; vertical-align: top; background-color: #F7F7F7"><td style="vertical-align: top; text-align : left; background-color: #F7F7F7; border: 0px #F0F0F0 solid; padding:0px 4px 0px 4px; white-space: nowrap; background-image: url(tbl_bck11.png)" class="hierarchy"><img src="tbl_spacer.png" alt="." style="background-color: inherit" class="hierarchy"/><img src="tbl_vjoin.png" alt="." style="background-color: inherit" class="hierarchy"/><img src="icon_datatype.gif" alt="." style="background-color: #F7F7F7; background-color: inherit" title="Data Type" class="hierarchy"/> <a href="StructureDefinition-BeModelMedicationRecordDispense-definitions.html#BeModelMedicationRecordDispense.dispenser" title="The dispenser, if known and relevant">dispenser</a><a name="BeModelMedicationRecordDispense.dispenser"> </a></td><td style="vertical-align: top; text-align : left; background-color: #F7F7F7; border: 0px #F0F0F0 solid; padding:0px 4px 0px 4px" class="hierarchy"/><td style="vertical-align: top; text-align : left; background-color: #F7F7F7; border: 0px #F0F0F0 solid; padding:0px 4px 0px 4px" class="hierarchy">0..*</td><td style="vertical-align: top; text-align : left; background-color: #F7F7F7; border: 0px #F0F0F0 solid; padding:0px 4px 0px 4px" class="hierarchy"><a href="http://hl7.org/fhir/R4/datatypes.html#BackboneElement">BackboneElement</a></td><td style="vertical-align: top; text-align : left; background-color: #F7F7F7; border: 0px #F0F0F0 solid; padding:0px 4px 0px 4px" class="hierarchy">The dispenser, if known and relevant<br/></td></tr>
<tr style="border: 0px #F0F0F0 solid; padding:0px; vertical-align: top; background-color: white"><td style="vertical-align: top; text-align : left; background-color: white; border: 0px #F0F0F0 solid; padding:0px 4px 0px 4px; white-space: nowrap; background-image: url(tbl_bck110.png)" class="hierarchy"><img src="tbl_spacer.png" alt="." style="background-color: inherit" class="hierarchy"/><img src="tbl_vline.png" alt="." style="background-color: inherit" class="hierarchy"/><img src="tbl_vjoin.png" alt="." style="background-color: inherit" class="hierarchy"/><img src="icon_reference.png" alt="." style="background-color: white; background-color: inherit" title="Reference to another Resource" class="hierarchy"/> <a href="StructureDefinition-BeModelMedicationRecordDispense-definitions.html#BeModelMedicationRecordDispense.dispenser.actor" title="The person that made the dispense">actor</a><a name="BeModelMedicationRecordDispense.dispenser.actor"> </a></td><td style="vertical-align: top; text-align : left; background-color: white; border: 0px #F0F0F0 solid; padding:0px 4px 0px 4px" class="hierarchy"/><td style="vertical-align: top; text-align : left; background-color: white; border: 0px #F0F0F0 solid; padding:0px 4px 0px 4px" class="hierarchy">1..1</td><td style="vertical-align: top; text-align : left; background-color: white; border: 0px #F0F0F0 solid; padding:0px 4px 0px 4px" class="hierarchy"><a href="http://hl7.org/fhir/R4/references.html">Reference</a>(<a href="http://hl7.org/fhir/R4/practitioner.html">Practitioner</a>)</td><td style="vertical-align: top; text-align : left; background-color: white; border: 0px #F0F0F0 solid; padding:0px 4px 0px 4px" class="hierarchy">The person that performed the dispense</td></tr>
<tr style="border: 0px #F0F0F0 solid; padding:0px; vertical-align: top; background-color: #F7F7F7"><td style="vertical-align: top; text-align : left; background-color: #F7F7F7; border: 0px #F0F0F0 solid; padding:0px 4px 0px 4px; white-space: nowrap; background-image: url(tbl_bck100.png)" class="hierarchy"><img src="tbl_spacer.png" alt="." style="background-color: inherit" class="hierarchy"/><img src="tbl_vline.png" alt="." style="background-color: inherit" class="hierarchy"/><img src="tbl_vjoin_end.png" alt="." style="background-color: inherit" class="hierarchy"/><img src="icon_reference.png" alt="." style="background-color: #F7F7F7; background-color: inherit" title="Reference to another Resource" class="hierarchy"/> <a href="StructureDefinition-BeModelMedicationRecordDispense-definitions.html#BeModelMedicationRecordDispense.dispenser.organization" title="The organzation from which the dispenser belongs">organization</a><a name="BeModelMedicationRecordDispense.dispenser.organization"> </a></td><td style="vertical-align: top; text-align : left; background-color: #F7F7F7; border: 0px #F0F0F0 solid; padding:0px 4px 0px 4px" class="hierarchy"/><td style="vertical-align: top; text-align : left; background-color: #F7F7F7; border: 0px #F0F0F0 solid; padding:0px 4px 0px 4px" class="hierarchy">1..1</td><td style="vertical-align: top; text-align : left; background-color: #F7F7F7; border: 0px #F0F0F0 solid; padding:0px 4px 0px 4px" class="hierarchy"><a href="http://hl7.org/fhir/R4/references.html">Reference</a>(<a href="http://hl7.org/fhir/R4/organization.html">Organization</a>)</td><td style="vertical-align: top; text-align : left; background-color: #F7F7F7; border: 0px #F0F0F0 solid; padding:0px 4px 0px 4px" class="hierarchy">The organzation from which the dispenser belongs</td></tr>
<tr style="border: 0px #F0F0F0 solid; padding:0px; vertical-align: top; background-color: white"><td style="vertical-align: top; text-align : left; background-color: white; border: 0px #F0F0F0 solid; padding:0px 4px 0px 4px; white-space: nowrap; background-image: url(tbl_bck10.png)" class="hierarchy"><img src="tbl_spacer.png" alt="." style="background-color: inherit" class="hierarchy"/><img src="tbl_vjoin.png" alt="." style="background-color: inherit" class="hierarchy"/><img src="icon_primitive.png" alt="." style="background-color: white; background-color: inherit" title="Primitive Data Type" class="hierarchy"/> <a href="StructureDefinition-BeModelMedicationRecordDispense-definitions.html#BeModelMedicationRecordDispense.date" title="The date when the dispense ocurred (or not)">date</a><a name="BeModelMedicationRecordDispense.date"> </a></td><td style="vertical-align: top; text-align : left; background-color: white; border: 0px #F0F0F0 solid; padding:0px 4px 0px 4px" class="hierarchy"/><td style="vertical-align: top; text-align : left; background-color: white; border: 0px #F0F0F0 solid; padding:0px 4px 0px 4px" class="hierarchy">1..1</td><td style="vertical-align: top; text-align : left; background-color: white; border: 0px #F0F0F0 solid; padding:0px 4px 0px 4px" class="hierarchy"><a href="http://hl7.org/fhir/R4/datatypes.html#dateTime">dateTime</a></td><td style="vertical-align: top; text-align : left; background-color: white; border: 0px #F0F0F0 solid; padding:0px 4px 0px 4px" class="hierarchy">The date when the dispense ocurred (or not)</td></tr>
<tr style="border: 0px #F0F0F0 solid; padding:0px; vertical-align: top; background-color: #F7F7F7"><td style="vertical-align: top; text-align : left; background-color: #F7F7F7; border: 0px #F0F0F0 solid; padding:0px 4px 0px 4px; white-space: nowrap; background-image: url(tbl_bck11.png)" class="hierarchy"><img src="tbl_spacer.png" alt="." style="background-color: inherit" class="hierarchy"/><img src="tbl_vjoin.png" alt="." style="background-color: inherit" class="hierarchy"/><img src="icon_datatype.gif" alt="." style="background-color: #F7F7F7; background-color: inherit" title="Data Type" class="hierarchy"/> <a href="StructureDefinition-BeModelMedicationRecordDispense-definitions.html#BeModelMedicationRecordDispense.prescription" title="The information about a prescription related to the dispense">prescription</a><a name="BeModelMedicationRecordDispense.prescription"> </a></td><td style="vertical-align: top; text-align : left; background-color: #F7F7F7; border: 0px #F0F0F0 solid; padding:0px 4px 0px 4px" class="hierarchy"/><td style="vertical-align: top; text-align : left; background-color: #F7F7F7; border: 0px #F0F0F0 solid; padding:0px 4px 0px 4px" class="hierarchy">0..1</td><td style="vertical-align: top; text-align : left; background-color: #F7F7F7; border: 0px #F0F0F0 solid; padding:0px 4px 0px 4px" class="hierarchy"><a href="http://hl7.org/fhir/R4/datatypes.html#BackboneElement">BackboneElement</a></td><td style="vertical-align: top; text-align : left; background-color: #F7F7F7; border: 0px #F0F0F0 solid; padding:0px 4px 0px 4px" class="hierarchy">The information about a prescription related to the dispense</td></tr>
<tr style="border: 0px #F0F0F0 solid; padding:0px; vertical-align: top; background-color: white"><td style="vertical-align: top; text-align : left; background-color: white; border: 0px #F0F0F0 solid; padding:0px 4px 0px 4px; white-space: nowrap; background-image: url(tbl_bck110.png)" class="hierarchy"><img src="tbl_spacer.png" alt="." style="background-color: inherit" class="hierarchy"/><img src="tbl_vline.png" alt="." style="background-color: inherit" class="hierarchy"/><img src="tbl_vjoin.png" alt="." style="background-color: inherit" class="hierarchy"/><img src="icon_primitive.png" alt="." style="background-color: white; background-color: inherit" title="Primitive Data Type" class="hierarchy"/> <a href="StructureDefinition-BeModelMedicationRecordDispense-definitions.html#BeModelMedicationRecordDispense.prescription.isprescribed" title="Whether this dispense was performed against a prescription">isprescribed</a><a name="BeModelMedicationRecordDispense.prescription.isprescribed"> </a></td><td style="vertical-align: top; text-align : left; background-color: white; border: 0px #F0F0F0 solid; padding:0px 4px 0px 4px" class="hierarchy"/><td style="vertical-align: top; text-align : left; background-color: white; border: 0px #F0F0F0 solid; padding:0px 4px 0px 4px" class="hierarchy">0..1</td><td style="vertical-align: top; text-align : left; background-color: white; border: 0px #F0F0F0 solid; padding:0px 4px 0px 4px" class="hierarchy"><a href="http://hl7.org/fhir/R4/datatypes.html#boolean">boolean</a></td><td style="vertical-align: top; text-align : left; background-color: white; border: 0px #F0F0F0 solid; padding:0px 4px 0px 4px" class="hierarchy">Whether this dispense was performed against a prescription</td></tr>
<tr style="border: 0px #F0F0F0 solid; padding:0px; vertical-align: top; background-color: #F7F7F7"><td style="vertical-align: top; text-align : left; background-color: #F7F7F7; border: 0px #F0F0F0 solid; padding:0px 4px 0px 4px; white-space: nowrap; background-image: url(tbl_bck100.png)" class="hierarchy"><img src="tbl_spacer.png" alt="." style="background-color: inherit" class="hierarchy"/><img src="tbl_vline.png" alt="." style="background-color: inherit" class="hierarchy"/><img src="tbl_vjoin_end.png" alt="." style="background-color: inherit" class="hierarchy"/><img src="icon_reference.png" alt="." style="background-color: #F7F7F7; background-color: inherit" title="Reference to another Resource" class="hierarchy"/> <a href="StructureDefinition-BeModelMedicationRecordDispense-definitions.html#BeModelMedicationRecordDispense.prescription.prescription" title="The prescription identification">prescription</a><a name="BeModelMedicationRecordDispense.prescription.prescription"> </a></td><td style="vertical-align: top; text-align : left; background-color: #F7F7F7; border: 0px #F0F0F0 solid; padding:0px 4px 0px 4px" class="hierarchy"/><td style="vertical-align: top; text-align : left; background-color: #F7F7F7; border: 0px #F0F0F0 solid; padding:0px 4px 0px 4px" class="hierarchy">0..1</td><td style="vertical-align: top; text-align : left; background-color: #F7F7F7; border: 0px #F0F0F0 solid; padding:0px 4px 0px 4px" class="hierarchy"><a href="http://hl7.org/fhir/R4/references.html">Reference</a>(<a href="http://hl7.org/fhir/R4/medicationrequest.html">MedicationRequest</a>)</td><td style="vertical-align: top; text-align : left; background-color: #F7F7F7; border: 0px #F0F0F0 solid; padding:0px 4px 0px 4px" class="hierarchy">The prescription identification</td></tr>
<tr style="border: 0px #F0F0F0 solid; padding:0px; vertical-align: top; background-color: white"><td style="vertical-align: top; text-align : left; background-color: white; border: 0px #F0F0F0 solid; padding:0px 4px 0px 4px; white-space: nowrap; background-image: url(tbl_bck10.png)" class="hierarchy"><img src="tbl_spacer.png" alt="." style="background-color: inherit" class="hierarchy"/><img src="tbl_vjoin.png" alt="." style="background-color: inherit" class="hierarchy"/><img src="icon_primitive.png" alt="." style="background-color: white; background-color: inherit" title="Primitive Data Type" class="hierarchy"/> <a href="StructureDefinition-BeModelMedicationRecordDispense-definitions.html#BeModelMedicationRecordDispense.status" title="Status of the dispense">status</a><a name="BeModelMedicationRecordDispense.status"> </a></td><td style="vertical-align: top; text-align : left; background-color: white; border: 0px #F0F0F0 solid; padding:0px 4px 0px 4px" class="hierarchy"/><td style="vertical-align: top; text-align : left; background-color: white; border: 0px #F0F0F0 solid; padding:0px 4px 0px 4px" class="hierarchy">1..1</td><td style="vertical-align: top; text-align : left; background-color: white; border: 0px #F0F0F0 solid; padding:0px 4px 0px 4px" class="hierarchy"><a href="http://hl7.org/fhir/R4/datatypes.html#code">code</a></td><td style="vertical-align: top; text-align : left; background-color: white; border: 0px #F0F0F0 solid; padding:0px 4px 0px 4px" class="hierarchy">Status of the dispense</td></tr>
<tr style="border: 0px #F0F0F0 solid; padding:0px; vertical-align: top; background-color: #F7F7F7"><td style="vertical-align: top; text-align : left; background-color: #F7F7F7; border: 0px #F0F0F0 solid; padding:0px 4px 0px 4px; white-space: nowrap; background-image: url(tbl_bck10.png)" class="hierarchy"><img src="tbl_spacer.png" alt="." style="background-color: inherit" class="hierarchy"/><img src="tbl_vjoin.png" alt="." style="background-color: inherit" class="hierarchy"/><img src="icon_datatype.gif" alt="." style="background-color: #F7F7F7; background-color: inherit" title="Data Type" class="hierarchy"/> <a href="StructureDefinition-BeModelMedicationRecordDispense-definitions.html#BeModelMedicationRecordDispense.statusReason" title="Reason for a dispense status">statusReason</a><a name="BeModelMedicationRecordDispense.statusReason"> </a></td><td style="vertical-align: top; text-align : left; background-color: #F7F7F7; border: 0px #F0F0F0 solid; padding:0px 4px 0px 4px" class="hierarchy"/><td style="vertical-align: top; text-align : left; background-color: #F7F7F7; border: 0px #F0F0F0 solid; padding:0px 4px 0px 4px" class="hierarchy">0..*</td><td style="vertical-align: top; text-align : left; background-color: #F7F7F7; border: 0px #F0F0F0 solid; padding:0px 4px 0px 4px" class="hierarchy"><a href="http://hl7.org/fhir/R4/datatypes.html#CodeableConcept">CodeableConcept</a></td><td style="vertical-align: top; text-align : left; background-color: #F7F7F7; border: 0px #F0F0F0 solid; padding:0px 4px 0px 4px" class="hierarchy">Reason for a dispense status<br/></td></tr>
<tr style="border: 0px #F0F0F0 solid; padding:0px; vertical-align: top; background-color: white"><td style="vertical-align: top; text-align : left; background-color: white; border: 0px #F0F0F0 solid; padding:0px 4px 0px 4px; white-space: nowrap; background-image: url(tbl_bck11.png)" class="hierarchy"><img src="tbl_spacer.png" alt="." style="background-color: inherit" class="hierarchy"/><img src="tbl_vjoin.png" alt="." style="background-color: inherit" class="hierarchy"/><img src="icon_choice.gif" alt="." style="background-color: white; background-color: inherit" title="Choice of Types" class="hierarchy"/> <a href="StructureDefinition-BeModelMedicationRecordDispense-definitions.html#BeModelMedicationRecordDispense.product[x]" title="The product that was dispensed - coded or not (e.g. for magistral preparations)">product[x]</a><a name="BeModelMedicationRecordDispense.product_x_"> </a></td><td style="vertical-align: top; text-align : left; background-color: white; border: 0px #F0F0F0 solid; padding:0px 4px 0px 4px" class="hierarchy"/><td style="vertical-align: top; text-align : left; background-color: white; border: 0px #F0F0F0 solid; padding:0px 4px 0px 4px" class="hierarchy">1..1</td><td style="vertical-align: top; text-align : left; background-color: white; border: 0px #F0F0F0 solid; padding:0px 4px 0px 4px" class="hierarchy"/><td style="vertical-align: top; text-align : left; background-color: white; border: 0px #F0F0F0 solid; padding:0px 4px 0px 4px" class="hierarchy">The product that was dispensed</td></tr>
<tr style="border: 0px #F0F0F0 solid; padding:0px; vertical-align: top; background-color: #F7F7F7"><td style="vertical-align: top; text-align : left; background-color: #F7F7F7; border: 0px #F0F0F0 solid; padding:0px 4px 0px 4px; white-space: nowrap; background-image: url(tbl_bck110.png)" class="hierarchy"><img src="tbl_spacer.png" alt="." style="background-color: inherit" class="hierarchy"/><img src="tbl_vline.png" alt="." style="background-color: inherit" class="hierarchy"/><img src="tbl_vjoin.png" alt="." style="background-color: inherit" class="hierarchy"/><img src="icon_datatype.gif" alt="." style="background-color: #F7F7F7; background-color: inherit" title="Data Type" class="hierarchy"/> <span title="Base StructureDefinition for CodeableConcept Type: A concept that may be defined by a formal reference to a terminology or ontology or may be provided by text.">productCodeableConcept</span></td><td style="vertical-align: top; text-align : left; background-color: #F7F7F7; border: 0px #F0F0F0 solid; padding:0px 4px 0px 4px" class="hierarchy"/><td style="vertical-align: top; text-align : left; background-color: #F7F7F7; border: 0px #F0F0F0 solid; padding:0px 4px 0px 4px" class="hierarchy"></td><td style="vertical-align: top; text-align : left; background-color: #F7F7F7; border: 0px #F0F0F0 solid; padding:0px 4px 0px 4px" class="hierarchy"><a href="http://hl7.org/fhir/R4/datatypes.html#CodeableConcept">CodeableConcept</a></td><td style="vertical-align: top; text-align : left; background-color: #F7F7F7; border: 0px #F0F0F0 solid; padding:0px 4px 0px 4px" class="hierarchy"/></tr>
<tr style="border: 0px #F0F0F0 solid; padding:0px; vertical-align: top; background-color: white"><td style="vertical-align: top; text-align : left; background-color: white; border: 0px #F0F0F0 solid; padding:0px 4px 0px 4px; white-space: nowrap; background-image: url(tbl_bck100.png)" class="hierarchy"><img src="tbl_spacer.png" alt="." style="background-color: inherit" class="hierarchy"/><img src="tbl_vline.png" alt="." style="background-color: inherit" class="hierarchy"/><img src="tbl_vjoin_end.png" alt="." style="background-color: inherit" class="hierarchy"/><img src="icon_reference.png" alt="." style="background-color: white; background-color: inherit" title="Reference to another Resource" class="hierarchy"/> productReference</td><td style="vertical-align: top; text-align : left; background-color: white; border: 0px #F0F0F0 solid; padding:0px 4px 0px 4px" class="hierarchy"/><td style="vertical-align: top; text-align : left; background-color: white; border: 0px #F0F0F0 solid; padding:0px 4px 0px 4px" class="hierarchy"></td><td style="vertical-align: top; text-align : left; background-color: white; border: 0px #F0F0F0 solid; padding:0px 4px 0px 4px" class="hierarchy"><a href="http://hl7.org/fhir/R4/references.html#Reference">Reference</a>(<a href="http://hl7.org/fhir/R4/medication.html">Medication</a>)</td><td style="vertical-align: top; text-align : left; background-color: white; border: 0px #F0F0F0 solid; padding:0px 4px 0px 4px" class="hierarchy"/></tr>
<tr style="border: 0px #F0F0F0 solid; padding:0px; vertical-align: top; background-color: #F7F7F7"><td style="vertical-align: top; text-align : left; background-color: #F7F7F7; border: 0px #F0F0F0 solid; padding:0px 4px 0px 4px; white-space: nowrap; background-image: url(tbl_bck10.png)" class="hierarchy"><img src="tbl_spacer.png" alt="." style="background-color: inherit" class="hierarchy"/><img src="tbl_vjoin.png" alt="." style="background-color: inherit" class="hierarchy"/><img src="icon_datatype.gif" alt="." style="background-color: #F7F7F7; background-color: inherit" title="Data Type" class="hierarchy"/> <a href="StructureDefinition-BeModelMedicationRecordDispense-definitions.html#BeModelMedicationRecordDispense.quantitydispensed" title="The amound of product that was dispensed">quantitydispensed</a><a name="BeModelMedicationRecordDispense.quantitydispensed"> </a></td><td style="vertical-align: top; text-align : left; background-color: #F7F7F7; border: 0px #F0F0F0 solid; padding:0px 4px 0px 4px" class="hierarchy"/><td style="vertical-align: top; text-align : left; background-color: #F7F7F7; border: 0px #F0F0F0 solid; padding:0px 4px 0px 4px" class="hierarchy">0..1</td><td style="vertical-align: top; text-align : left; background-color: #F7F7F7; border: 0px #F0F0F0 solid; padding:0px 4px 0px 4px" class="hierarchy"><a href="http://hl7.org/fhir/R4/datatypes.html#SimpleQuantity" title="Quantity">SimpleQuantity</a></td><td style="vertical-align: top; text-align : left; background-color: #F7F7F7; border: 0px #F0F0F0 solid; padding:0px 4px 0px 4px" class="hierarchy">The amound of product that was dispensed</td></tr>
<tr style="border: 0px #F0F0F0 solid; padding:0px; vertical-align: top; background-color: white"><td style="vertical-align: top; text-align : left; background-color: white; border: 0px #F0F0F0 solid; padding:0px 4px 0px 4px; white-space: nowrap; background-image: url(tbl_bck10.png)" class="hierarchy"><img src="tbl_spacer.png" alt="." style="background-color: inherit" class="hierarchy"/><img src="tbl_vjoin.png" alt="." style="background-color: inherit" class="hierarchy"/><img src="icon_datatype.gif" alt="." style="background-color: white; background-color: inherit" title="Data Type" class="hierarchy"/> <a href="StructureDefinition-BeModelMedicationRecordDispense-definitions.html#BeModelMedicationRecordDispense.dosageInstruction" title="The instructions for using the product">dosageInstruction</a><a name="BeModelMedicationRecordDispense.dosageInstruction"> </a></td><td style="vertical-align: top; text-align : left; background-color: white; border: 0px #F0F0F0 solid; padding:0px 4px 0px 4px" class="hierarchy"/><td style="vertical-align: top; text-align : left; background-color: white; border: 0px #F0F0F0 solid; padding:0px 4px 0px 4px" class="hierarchy">0..1</td><td style="vertical-align: top; text-align : left; background-color: white; border: 0px #F0F0F0 solid; padding:0px 4px 0px 4px" class="hierarchy"><a href="http://hl7.org/fhir/R4/datatypes.html#Dosage">Dosage</a></td><td style="vertical-align: top; text-align : left; background-color: white; border: 0px #F0F0F0 solid; padding:0px 4px 0px 4px" class="hierarchy">The instructions for using the product</td></tr>
<tr style="border: 0px #F0F0F0 solid; padding:0px; vertical-align: top; background-color: #F7F7F7"><td style="vertical-align: top; text-align : left; background-color: #F7F7F7; border: 0px #F0F0F0 solid; padding:0px 4px 0px 4px; white-space: nowrap; background-image: url(tbl_bck10.png)" class="hierarchy"><img src="tbl_spacer.png" alt="." style="background-color: inherit" class="hierarchy"/><img src="tbl_vjoin.png" alt="." style="background-color: inherit" class="hierarchy"/><img src="icon_datatype.gif" alt="." style="background-color: #F7F7F7; background-color: inherit" title="Data Type" class="hierarchy"/> <a href="StructureDefinition-BeModelMedicationRecordDispense-definitions.html#BeModelMedicationRecordDispense.note" title="Additional information about the dispensed product">note</a><a name="BeModelMedicationRecordDispense.note"> </a></td><td style="vertical-align: top; text-align : left; background-color: #F7F7F7; border: 0px #F0F0F0 solid; padding:0px 4px 0px 4px" class="hierarchy"/><td style="vertical-align: top; text-align : left; background-color: #F7F7F7; border: 0px #F0F0F0 solid; padding:0px 4px 0px 4px" class="hierarchy">0..*</td><td style="vertical-align: top; text-align : left; background-color: #F7F7F7; border: 0px #F0F0F0 solid; padding:0px 4px 0px 4px" class="hierarchy"><a href="http://hl7.org/fhir/R4/datatypes.html#Annotation">Annotation</a></td><td style="vertical-align: top; text-align : left; background-color: #F7F7F7; border: 0px #F0F0F0 solid; padding:0px 4px 0px 4px" class="hierarchy">Additional information about the dispensed product<br/></td></tr>
<tr style="border: 0px #F0F0F0 solid; padding:0px; vertical-align: top; background-color: white"><td style="vertical-align: top; text-align : left; background-color: white; border: 0px #F0F0F0 solid; padding:0px 4px 0px 4px; white-space: nowrap; background-image: url(tbl_bck10.png)" class="hierarchy"><img src="tbl_spacer.png" alt="." style="background-color: inherit" class="hierarchy"/><img src="tbl_vjoin.png" alt="." style="background-color: inherit" class="hierarchy"/><img src="icon_datatype.gif" alt="." style="background-color: white; background-color: inherit" title="Data Type" class="hierarchy"/> <a href="StructureDefinition-BeModelMedicationRecordDispense-definitions.html#BeModelMedicationRecordDispense.substitutionReason" title="Why was substitution made">substitutionReason</a><a name="BeModelMedicationRecordDispense.substitutionReason"> </a></td><td style="vertical-align: top; text-align : left; background-color: white; border: 0px #F0F0F0 solid; padding:0px 4px 0px 4px" class="hierarchy"/><td style="vertical-align: top; text-align : left; background-color: white; border: 0px #F0F0F0 solid; padding:0px 4px 0px 4px" class="hierarchy">0..1</td><td style="vertical-align: top; text-align : left; background-color: white; border: 0px #F0F0F0 solid; padding:0px 4px 0px 4px" class="hierarchy"><a href="http://hl7.org/fhir/R4/datatypes.html#CodeableConcept">CodeableConcept</a></td><td style="vertical-align: top; text-align : left; background-color: white; border: 0px #F0F0F0 solid; padding:0px 4px 0px 4px" class="hierarchy">Why was substitution made</td></tr>
<tr style="border: 0px #F0F0F0 solid; padding:0px; vertical-align: top; background-color: #F7F7F7"><td style="vertical-align: top; text-align : left; background-color: #F7F7F7; border: 0px #F0F0F0 solid; padding:0px 4px 0px 4px; white-space: nowrap; background-image: url(tbl_bck10.png)" class="hierarchy"><img src="tbl_spacer.png" alt="." style="background-color: inherit" class="hierarchy"/><img src="tbl_vjoin.png" alt="." style="background-color: inherit" class="hierarchy"/><img src="icon_datatype.gif" alt="." style="background-color: #F7F7F7; background-color: inherit" title="Data Type" class="hierarchy"/> <a href="StructureDefinition-BeModelMedicationRecordDispense-definitions.html#BeModelMedicationRecordDispense.type" title="Type of dispense">type</a><a name="BeModelMedicationRecordDispense.type"> </a></td><td style="vertical-align: top; text-align : left; background-color: #F7F7F7; border: 0px #F0F0F0 solid; padding:0px 4px 0px 4px" class="hierarchy"/><td style="vertical-align: top; text-align : left; background-color: #F7F7F7; border: 0px #F0F0F0 solid; padding:0px 4px 0px 4px" class="hierarchy">0..1</td><td style="vertical-align: top; text-align : left; background-color: #F7F7F7; border: 0px #F0F0F0 solid; padding:0px 4px 0px 4px" class="hierarchy"><a href="http://hl7.org/fhir/R4/datatypes.html#CodeableConcept">CodeableConcept</a></td><td style="vertical-align: top; text-align : left; background-color: #F7F7F7; border: 0px #F0F0F0 solid; padding:0px 4px 0px 4px" class="hierarchy">Type of dispense</td></tr>
<tr style="border: 0px #F0F0F0 solid; padding:0px; vertical-align: top; background-color: white"><td style="vertical-align: top; text-align : left; background-color: white; border: 0px #F0F0F0 solid; padding:0px 4px 0px 4px; white-space: nowrap; background-image: url(tbl_bck10.png)" class="hierarchy"><img src="tbl_spacer.png" alt="." style="background-color: inherit" class="hierarchy"/><img src="tbl_vjoin.png" alt="." style="background-color: inherit" class="hierarchy"/><img src="icon_reference.png" alt="." style="background-color: white; background-color: inherit" title="Reference to another Resource" class="hierarchy"/> <a href="StructureDefinition-BeModelMedicationRecordDispense-definitions.html#BeModelMedicationRecordDispense.location" title="Location where the dispense was made">location</a><a name="BeModelMedicationRecordDispense.location"> </a></td><td style="vertical-align: top; text-align : left; background-color: white; border: 0px #F0F0F0 solid; padding:0px 4px 0px 4px" class="hierarchy"/><td style="vertical-align: top; text-align : left; background-color: white; border: 0px #F0F0F0 solid; padding:0px 4px 0px 4px" class="hierarchy">0..1</td><td style="vertical-align: top; text-align : left; background-color: white; border: 0px #F0F0F0 solid; padding:0px 4px 0px 4px" class="hierarchy"><a href="http://hl7.org/fhir/R4/references.html">Reference</a>(<a href="http://hl7.org/fhir/R4/extension-openehr-location.html">location</a>)</td><td style="vertical-align: top; text-align : left; background-color: white; border: 0px #F0F0F0 solid; padding:0px 4px 0px 4px" class="hierarchy">Location where the dispense was made</td></tr>
<tr style="border: 0px #F0F0F0 solid; padding:0px; vertical-align: top; background-color: #F7F7F7"><td style="vertical-align: top; text-align : left; background-color: #F7F7F7; border: 0px #F0F0F0 solid; padding:0px 4px 0px 4px; white-space: nowrap; background-image: url(tbl_bck10.png)" class="hierarchy"><img src="tbl_spacer.png" alt="." style="background-color: inherit" class="hierarchy"/><img src="tbl_vjoin.png" alt="." style="background-color: inherit" class="hierarchy"/><img src="icon_reference.png" alt="." style="background-color: #F7F7F7; background-color: inherit" title="Reference to another Resource" class="hierarchy"/> <a href="StructureDefinition-BeModelMedicationRecordDispense-definitions.html#BeModelMedicationRecordDispense.treatmentPlan" title="Link to the 'parent' treatment - i.e the treatment that this order is derived from, or contriburing to">treatmentPlan</a><a name="BeModelMedicationRecordDispense.treatmentPlan"> </a></td><td style="vertical-align: top; text-align : left; background-color: #F7F7F7; border: 0px #F0F0F0 solid; padding:0px 4px 0px 4px" class="hierarchy"/><td style="vertical-align: top; text-align : left; background-color: #F7F7F7; border: 0px #F0F0F0 solid; padding:0px 4px 0px 4px" class="hierarchy">0..1</td><td style="vertical-align: top; text-align : left; background-color: #F7F7F7; border: 0px #F0F0F0 solid; padding:0px 4px 0px 4px" class="hierarchy"><a href="http://hl7.org/fhir/R4/references.html">Reference</a>()</td><td style="vertical-align: top; text-align : left; background-color: #F7F7F7; border: 0px #F0F0F0 solid; padding:0px 4px 0px 4px" class="hierarchy">Link to the 'parent' treatment - i.e the treatment that this order is derived from, or contriburing to</td></tr>
<tr style="border: 0px #F0F0F0 solid; padding:0px; vertical-align: top; background-color: white"><td style="vertical-align: top; text-align : left; background-color: white; border: 0px #F0F0F0 solid; padding:0px 4px 0px 4px; white-space: nowrap; background-image: url(tbl_bck00.png)" class="hierarchy"><img src="tbl_spacer.png" alt="." style="background-color: inherit" class="hierarchy"/><img src="tbl_vjoin_end.png" alt="." style="background-color: inherit" class="hierarchy"/><img src="icon_reference.png" alt="." style="background-color: white; background-color: inherit" title="Reference to another Resource" class="hierarchy"/> <a href="StructureDefinition-BeModelMedicationRecordDispense-definitions.html#BeModelMedicationRecordDispense.basedOn" title="link to the 'parent' treatmentLine - i.e the line that covers all of the same drug for a certain purpose">basedOn</a><a name="BeModelMedicationRecordDispense.basedOn"> </a></td><td style="vertical-align: top; text-align : left; background-color: white; border: 0px #F0F0F0 solid; padding:0px 4px 0px 4px" class="hierarchy"/><td style="vertical-align: top; text-align : left; background-color: white; border: 0px #F0F0F0 solid; padding:0px 4px 0px 4px" class="hierarchy">0..1</td><td style="vertical-align: top; text-align : left; background-color: white; border: 0px #F0F0F0 solid; padding:0px 4px 0px 4px" class="hierarchy"><a href="http://hl7.org/fhir/R4/references.html">Reference</a>()</td><td style="vertical-align: top; text-align : left; background-color: white; border: 0px #F0F0F0 solid; padding:0px 4px 0px 4px" class="hierarchy">link to the 'parent' treatmentLine - i.e the line that covers all of the same drug for a certain purpose</td></tr>
<tr><td colspan="5" class="hierarchy"><br/><a href="http://hl7.org/fhir/R4/formats.html#table" title="Legend for this format"><img src="http://hl7.org/fhir/R4/help16.png" alt="doco" style="background-color: inherit"/> Documentation for this format</a></td></tr></table></div>
  </text>
  <url value="http://hl7belgium.org/fhir/riziv-medicationrecord/StructureDefinition/BeModelMedicationRecordDispense"/>
  <version value="0.1.0-test"/>
  <name value="BeModelMedicationRecordDispense"/>
  <title value="Medication Record Dispense logical model"/>
  <status value="active"/>
  <date value="2022-05-27T16:28:46+00:00"/>
  <publisher value="HL7 Belgium"/>
  <contact>
    <telecom>
      <system value="url"/>
      <value value="http://hl7belgium.org"/>
    </telecom>
  </contact>
  <jurisdiction>
    <coding>
      <system value="urn:iso:std:iso:3166"/>
      <code value="BE"/>
    </coding>
  </jurisdiction>
  <fhirVersion value="4.0.1"/>
  <mapping>
    <identity value="rim"/>
    <uri value="http://hl7.org/v3"/>
    <name value="RIM Mapping"/>
  </mapping>
  <kind value="logical"/>
  <abstract value="false"/>
  <type value="http://hl7belgium.org/fhir/riziv-medicationrecord/StructureDefinition/BeModelMedicationRecordDispense"/>
  <baseDefinition value="http://hl7.org/fhir/StructureDefinition/Base"/>
  <derivation value="specialization"/>
  <snapshot>
    <element id="BeModelMedicationRecordDispense">
      <path value="BeModelMedicationRecordDispense"/>
      <short value="Medication Record Dispense logical model"/>
      <min value="0"/>
      <max value="*"/>
      <base>
        <path value="Base"/>
        <min value="0"/>
        <max value="*"/>
      </base>
      <isModifier value="false"/>
    </element>
    <element id="BeModelMedicationRecordDispense.identifier">
      <path value="BeModelMedicationRecordDispense.identifier"/>
      <short value="The business identifier(s) for the medication dispense session"/>
      <definition value="The business identifier(s) for the medication dispense session"/>
      <min value="0"/>
      <max value="1"/>
      <base>
        <path value="BeModelMedicationRecordDispense.identifier"/>
        <min value="0"/>
        <max value="1"/>
      </base>
      <type>
        <code value="Identifier"/>
      </type>
    </element>
    <element id="BeModelMedicationRecordDispense.patient">
      <path value="BeModelMedicationRecordDispense.patient"/>
      <short value="The person for which the medication is dispensed."/>
      <definition value="The person for which the medication is dispensed."/>
      <min value="1"/>
      <max value="1"/>
      <base>
        <path value="BeModelMedicationRecordDispense.patient"/>
        <min value="1"/>
        <max value="1"/>
      </base>
      <type>
        <code value="Reference"/>
        <targetProfile value="http://hl7.org/fhir/StructureDefinition/Patient"/>
      </type>
    </element>
    <element id="BeModelMedicationRecordDispense.dispenser">
      <path value="BeModelMedicationRecordDispense.dispenser"/>
      <short value="The dispenser, if known and relevant"/>
      <definition value="The dispenser, if known and relevant"/>
      <min value="0"/>
      <max value="*"/>
      <base>
        <path value="BeModelMedicationRecordDispense.dispenser"/>
        <min value="0"/>
        <max value="*"/>
      </base>
      <type>
        <code value="BackboneElement"/>
      </type>
    </element>
    <element id="BeModelMedicationRecordDispense.dispenser.actor">
      <path value="BeModelMedicationRecordDispense.dispenser.actor"/>
      <short value="The person that performed the dispense"/>
      <definition value="The person that made the dispense"/>
      <min value="1"/>
      <max value="1"/>
      <base>
        <path value="BeModelMedicationRecordDispense.dispenser.actor"/>
        <min value="1"/>
        <max value="1"/>
      </base>
      <type>
        <code value="Reference"/>
        <targetProfile value="http://hl7.org/fhir/StructureDefinition/Practitioner"/>
      </type>
    </element>
    <element id="BeModelMedicationRecordDispense.dispenser.organization">
      <path value="BeModelMedicationRecordDispense.dispenser.organization"/>
      <short value="The organzation from which the dispenser belongs"/>
      <definition value="The organzation from which the dispenser belongs"/>
      <min value="1"/>
      <max value="1"/>
      <base>
        <path value="BeModelMedicationRecordDispense.dispenser.organization"/>
        <min value="1"/>
        <max value="1"/>
      </base>
      <type>
        <code value="Reference"/>
        <targetProfile value="http://hl7.org/fhir/StructureDefinition/Organization"/>
      </type>
    </element>
    <element id="BeModelMedicationRecordDispense.date">
      <path value="BeModelMedicationRecordDispense.date"/>
      <short value="The date when the dispense ocurred (or not)"/>
      <definition value="The date when the dispense ocurred (or not)"/>
      <min value="1"/>
      <max value="1"/>
      <base>
        <path value="BeModelMedicationRecordDispense.date"/>
        <min value="1"/>
        <max value="1"/>
      </base>
      <type>
        <code value="dateTime"/>
      </type>
    </element>
    <element id="BeModelMedicationRecordDispense.prescription">
      <path value="BeModelMedicationRecordDispense.prescription"/>
      <short value="The information about a prescription related to the dispense"/>
      <definition value="The information about a prescription related to the dispense"/>
      <min value="0"/>
      <max value="1"/>
      <base>
        <path value="BeModelMedicationRecordDispense.prescription"/>
        <min value="0"/>
        <max value="1"/>
      </base>
      <type>
        <code value="BackboneElement"/>
      </type>
    </element>
    <element id="BeModelMedicationRecordDispense.prescription.isprescribed">
      <path value="BeModelMedicationRecordDispense.prescription.isprescribed"/>
      <short value="Whether this dispense was performed against a prescription"/>
      <definition value="Whether this dispense was performed against a prescription"/>
      <min value="0"/>
      <max value="1"/>
      <base>
        <path value="BeModelMedicationRecordDispense.prescription.isprescribed"/>
        <min value="0"/>
        <max value="1"/>
      </base>
      <type>
        <code value="boolean"/>
      </type>
    </element>
    <element id="BeModelMedicationRecordDispense.prescription.prescription">
      <path value="BeModelMedicationRecordDispense.prescription.prescription"/>
      <short value="The prescription identification"/>
      <definition value="The prescription identification"/>
      <min value="0"/>
      <max value="1"/>
      <base>
        <path value="BeModelMedicationRecordDispense.prescription.prescription"/>
        <min value="0"/>
        <max value="1"/>
      </base>
      <type>
        <code value="Reference"/>
        <targetProfile value="http://hl7.org/fhir/StructureDefinition/MedicationRequest"/>
      </type>
    </element>
    <element id="BeModelMedicationRecordDispense.status">
      <path value="BeModelMedicationRecordDispense.status"/>
      <short value="Status of the dispense"/>
      <definition value="Status of the dispense"/>
      <min value="1"/>
      <max value="1"/>
      <base>
        <path value="BeModelMedicationRecordDispense.status"/>
        <min value="1"/>
        <max value="1"/>
      </base>
      <type>
        <code value="code"/>
      </type>
    </element>
    <element id="BeModelMedicationRecordDispense.statusReason">
      <path value="BeModelMedicationRecordDispense.statusReason"/>
      <short value="Reason for a dispense status"/>
      <definition value="Reason for a dispense status"/>
      <min value="0"/>
      <max value="*"/>
      <base>
        <path value="BeModelMedicationRecordDispense.statusReason"/>
        <min value="0"/>
        <max value="*"/>
      </base>
      <type>
        <code value="CodeableConcept"/>
      </type>
    </element>
    <element id="BeModelMedicationRecordDispense.product[x]">
      <path value="BeModelMedicationRecordDispense.product[x]"/>
      <short value="The product that was dispensed"/>
      <definition value="The product that was dispensed - coded or not (e.g. for magistral preparations)"/>
      <min value="1"/>
      <max value="1"/>
      <base>
        <path value="BeModelMedicationRecordDispense.product[x]"/>
        <min value="1"/>
        <max value="1"/>
      </base>
      <type>
        <code value="CodeableConcept"/>
      </type>
      <type>
        <code value="Reference"/>
        <targetProfile value="http://hl7.org/fhir/StructureDefinition/Medication"/>
      </type>
    </element>
    <element id="BeModelMedicationRecordDispense.quantitydispensed">
      <path value="BeModelMedicationRecordDispense.quantitydispensed"/>
      <short value="The amound of product that was dispensed"/>
      <definition value="The amound of product that was dispensed"/>
      <min value="0"/>
      <max value="1"/>
      <base>
        <path value="BeModelMedicationRecordDispense.quantitydispensed"/>
        <min value="0"/>
        <max value="1"/>
      </base>
      <type>
        <code value="Quantity"/>
        <profile value="http://hl7.org/fhir/StructureDefinition/SimpleQuantity"/>
      </type>
    </element>
    <element id="BeModelMedicationRecordDispense.dosageInstruction">
      <path value="BeModelMedicationRecordDispense.dosageInstruction"/>
      <short value="The instructions for using the product"/>
      <definition value="The instructions for using the product"/>
      <min value="0"/>
      <max value="1"/>
      <base>
        <path value="BeModelMedicationRecordDispense.dosageInstruction"/>
        <min value="0"/>
        <max value="1"/>
      </base>
      <type>
        <code value="Dosage"/>
      </type>
    </element>
    <element id="BeModelMedicationRecordDispense.note">
      <path value="BeModelMedicationRecordDispense.note"/>
      <short value="Additional information about the dispensed product"/>
      <definition value="Additional information about the dispensed product"/>
      <min value="0"/>
      <max value="*"/>
      <base>
        <path value="BeModelMedicationRecordDispense.note"/>
        <min value="0"/>
        <max value="*"/>
      </base>
      <type>
        <code value="Annotation"/>
      </type>
    </element>
    <element id="BeModelMedicationRecordDispense.substitutionReason">
      <path value="BeModelMedicationRecordDispense.substitutionReason"/>
      <short value="Why was substitution made"/>
      <definition value="Why was substitution made"/>
      <min value="0"/>
      <max value="1"/>
      <base>
        <path value="BeModelMedicationRecordDispense.substitutionReason"/>
        <min value="0"/>
        <max value="1"/>
      </base>
      <type>
        <code value="CodeableConcept"/>
      </type>
    </element>
    <element id="BeModelMedicationRecordDispense.type">
      <path value="BeModelMedicationRecordDispense.type"/>
      <short value="Type of dispense"/>
      <definition value="Type of dispense"/>
      <min value="0"/>
      <max value="1"/>
      <base>
        <path value="BeModelMedicationRecordDispense.type"/>
        <min value="0"/>
        <max value="1"/>
      </base>
      <type>
        <code value="CodeableConcept"/>
      </type>
    </element>
    <element id="BeModelMedicationRecordDispense.location">
      <path value="BeModelMedicationRecordDispense.location"/>
      <short value="Location where the dispense was made"/>
      <definition value="Location where the dispense was made"/>
      <min value="0"/>
      <max value="1"/>
      <base>
        <path value="BeModelMedicationRecordDispense.location"/>
        <min value="0"/>
        <max value="1"/>
      </base>
      <type>
        <code value="Reference"/>
        <targetProfile value="http://hl7.org/fhir/StructureDefinition/openEHR-location"/>
      </type>
    </element>
    <element id="BeModelMedicationRecordDispense.treatmentPlan">
      <path value="BeModelMedicationRecordDispense.treatmentPlan"/>
      <short value="Link to the 'parent' treatment - i.e the treatment that this order is derived from, or contriburing to"/>
      <definition value="Link to the 'parent' treatment - i.e the treatment that this order is derived from, or contriburing to"/>
      <min value="0"/>
      <max value="1"/>
      <base>
        <path value="BeModelMedicationRecordDispense.treatmentPlan"/>
        <min value="0"/>
        <max value="1"/>
      </base>
      <type>
        <code value="Reference"/>
      </type>
    </element>
    <element id="BeModelMedicationRecordDispense.basedOn">
      <path value="BeModelMedicationRecordDispense.basedOn"/>
      <short value="link to the 'parent' treatmentLine - i.e the line that covers all of the same drug for a certain purpose"/>
      <definition value="link to the 'parent' treatmentLine - i.e the line that covers all of the same drug for a certain purpose"/>
      <min value="0"/>
      <max value="1"/>
      <base>
        <path value="BeModelMedicationRecordDispense.basedOn"/>
        <min value="0"/>
        <max value="1"/>
      </base>
      <type>
        <code value="Reference"/>
      </type>
    </element>
  </snapshot>
  <differential>
    <element id="BeModelMedicationRecordDispense">
      <path value="BeModelMedicationRecordDispense"/>
      <short value="Medication Record Dispense logical model"/>
    </element>
    <element id="BeModelMedicationRecordDispense.identifier">
      <path value="BeModelMedicationRecordDispense.identifier"/>
      <short value="The business identifier(s) for the medication dispense session"/>
      <definition value="The business identifier(s) for the medication dispense session"/>
      <min value="0"/>
      <max value="1"/>
      <type>
        <code value="Identifier"/>
      </type>
    </element>
    <element id="BeModelMedicationRecordDispense.patient">
      <path value="BeModelMedicationRecordDispense.patient"/>
      <short value="The person for which the medication is dispensed."/>
      <definition value="The person for which the medication is dispensed."/>
      <min value="1"/>
      <max value="1"/>
      <type>
        <code value="Reference"/>
        <targetProfile value="http://hl7.org/fhir/StructureDefinition/Patient"/>
      </type>
    </element>
    <element id="BeModelMedicationRecordDispense.dispenser">
      <path value="BeModelMedicationRecordDispense.dispenser"/>
      <short value="The dispenser, if known and relevant"/>
      <definition value="The dispenser, if known and relevant"/>
      <min value="0"/>
      <max value="*"/>
      <type>
        <code value="BackboneElement"/>
      </type>
    </element>
    <element id="BeModelMedicationRecordDispense.dispenser.actor">
      <path value="BeModelMedicationRecordDispense.dispenser.actor"/>
      <short value="The person that performed the dispense"/>
      <definition value="The person that made the dispense"/>
      <min value="1"/>
      <max value="1"/>
      <type>
        <code value="Reference"/>
        <targetProfile value="http://hl7.org/fhir/StructureDefinition/Practitioner"/>
      </type>
    </element>
    <element id="BeModelMedicationRecordDispense.dispenser.organization">
      <path value="BeModelMedicationRecordDispense.dispenser.organization"/>
      <short value="The organzation from which the dispenser belongs"/>
      <definition value="The organzation from which the dispenser belongs"/>
      <min value="1"/>
      <max value="1"/>
      <type>
        <code value="Reference"/>
        <targetProfile value="http://hl7.org/fhir/StructureDefinition/Organization"/>
      </type>
    </element>
    <element id="BeModelMedicationRecordDispense.date">
      <path value="BeModelMedicationRecordDispense.date"/>
      <short value="The date when the dispense ocurred (or not)"/>
      <definition value="The date when the dispense ocurred (or not)"/>
      <min value="1"/>
      <max value="1"/>
      <type>
        <code value="dateTime"/>
      </type>
    </element>
    <element id="BeModelMedicationRecordDispense.prescription">
      <path value="BeModelMedicationRecordDispense.prescription"/>
      <short value="The information about a prescription related to the dispense"/>
      <definition value="The information about a prescription related to the dispense"/>
      <min value="0"/>
      <max value="1"/>
      <type>
        <code value="BackboneElement"/>
      </type>
    </element>
    <element id="BeModelMedicationRecordDispense.prescription.isprescribed">
      <path value="BeModelMedicationRecordDispense.prescription.isprescribed"/>
      <short value="Whether this dispense was performed against a prescription"/>
      <definition value="Whether this dispense was performed against a prescription"/>
      <min value="0"/>
      <max value="1"/>
      <type>
        <code value="boolean"/>
      </type>
    </element>
    <element id="BeModelMedicationRecordDispense.prescription.prescription">
      <path value="BeModelMedicationRecordDispense.prescription.prescription"/>
      <short value="The prescription identification"/>
      <definition value="The prescription identification"/>
      <min value="0"/>
      <max value="1"/>
      <type>
        <code value="Reference"/>
        <targetProfile value="http://hl7.org/fhir/StructureDefinition/MedicationRequest"/>
      </type>
    </element>
    <element id="BeModelMedicationRecordDispense.status">
      <path value="BeModelMedicationRecordDispense.status"/>
      <short value="Status of the dispense"/>
      <definition value="Status of the dispense"/>
      <min value="1"/>
      <max value="1"/>
      <type>
        <code value="code"/>
      </type>
    </element>
    <element id="BeModelMedicationRecordDispense.statusReason">
      <path value="BeModelMedicationRecordDispense.statusReason"/>
      <short value="Reason for a dispense status"/>
      <definition value="Reason for a dispense status"/>
      <min value="0"/>
      <max value="*"/>
      <type>
        <code value="CodeableConcept"/>
      </type>
    </element>
    <element id="BeModelMedicationRecordDispense.product[x]">
      <path value="BeModelMedicationRecordDispense.product[x]"/>
      <short value="The product that was dispensed"/>
      <definition value="The product that was dispensed - coded or not (e.g. for magistral preparations)"/>
      <min value="1"/>
      <max value="1"/>
      <type>
        <code value="CodeableConcept"/>
      </type>
      <type>
        <code value="Reference"/>
        <targetProfile value="http://hl7.org/fhir/StructureDefinition/Medication"/>
      </type>
    </element>
    <element id="BeModelMedicationRecordDispense.quantitydispensed">
      <path value="BeModelMedicationRecordDispense.quantitydispensed"/>
      <short value="The amound of product that was dispensed"/>
      <definition value="The amound of product that was dispensed"/>
      <min value="0"/>
      <max value="1"/>
      <type>
        <code value="Quantity"/>
        <profile value="http://hl7.org/fhir/StructureDefinition/SimpleQuantity"/>
      </type>
    </element>
    <element id="BeModelMedicationRecordDispense.dosageInstruction">
      <path value="BeModelMedicationRecordDispense.dosageInstruction"/>
      <short value="The instructions for using the product"/>
      <definition value="The instructions for using the product"/>
      <min value="0"/>
      <max value="1"/>
      <type>
        <code value="Dosage"/>
      </type>
    </element>
    <element id="BeModelMedicationRecordDispense.note">
      <path value="BeModelMedicationRecordDispense.note"/>
      <short value="Additional information about the dispensed product"/>
      <definition value="Additional information about the dispensed product"/>
      <min value="0"/>
      <max value="*"/>
      <type>
        <code value="Annotation"/>
      </type>
    </element>
    <element id="BeModelMedicationRecordDispense.substitutionReason">
      <path value="BeModelMedicationRecordDispense.substitutionReason"/>
      <short value="Why was substitution made"/>
      <definition value="Why was substitution made"/>
      <min value="0"/>
      <max value="1"/>
      <type>
        <code value="CodeableConcept"/>
      </type>
    </element>
    <element id="BeModelMedicationRecordDispense.type">
      <path value="BeModelMedicationRecordDispense.type"/>
      <short value="Type of dispense"/>
      <definition value="Type of dispense"/>
      <min value="0"/>
      <max value="1"/>
      <type>
        <code value="CodeableConcept"/>
      </type>
    </element>
    <element id="BeModelMedicationRecordDispense.location">
      <path value="BeModelMedicationRecordDispense.location"/>
      <short value="Location where the dispense was made"/>
      <definition value="Location where the dispense was made"/>
      <min value="0"/>
      <max value="1"/>
      <type>
        <code value="Reference"/>
        <targetProfile value="http://hl7.org/fhir/StructureDefinition/openEHR-location"/>
      </type>
    </element>
    <element id="BeModelMedicationRecordDispense.treatmentPlan">
      <path value="BeModelMedicationRecordDispense.treatmentPlan"/>
      <short value="Link to the 'parent' treatment - i.e the treatment that this order is derived from, or contriburing to"/>
      <definition value="Link to the 'parent' treatment - i.e the treatment that this order is derived from, or contriburing to"/>
      <min value="0"/>
      <max value="1"/>
      <type>
        <code value="Reference"/>
      </type>
    </element>
    <element id="BeModelMedicationRecordDispense.basedOn">
      <path value="BeModelMedicationRecordDispense.basedOn"/>
      <short value="link to the 'parent' treatmentLine - i.e the line that covers all of the same drug for a certain purpose"/>
      <definition value="link to the 'parent' treatmentLine - i.e the line that covers all of the same drug for a certain purpose"/>
      <min value="0"/>
      <max value="1"/>
      <type>
        <code value="Reference"/>
      </type>
    </element>
  </differential>
</StructureDefinition>