<?xml version="1.0" encoding="UTF-8"?>

<MedicationRequest xmlns="http://hl7.org/fhir">
  <id value="15-prescription-2"/>
  <meta>
    <profile value="http://hl7belgium.org/fhir/riziv-medicationrecord/StructureDefinition/MedRecordOrder"/>
  </meta>
  <text>
    <status value="extensions"/><div xmlns="http://www.w3.org/1999/xhtml"><p><b>Generated Narrative</b></p><div style="display: inline-block; background-color: #d9e0e7; padding: 6px; margin: 4px; border: 1px solid #8da1b4; border-radius: 5px; line-height: 60%"><p style="margin-bottom: 0px">Resource "15-prescription-2" </p><p style="margin-bottom: 0px">Profile: <a href="StructureDefinition-MedRecordOrder.html">BeMedRecord Order profile</a></p></div><p><b>Based On</b>: <span></span></p><p><b>Based On Extension</b>: <a href="example-15-of-medication-treatmentLine2">example-15-of-medication-treatmentLine2</a></p><p><b>identifier</b>: id: f1ef61db-472f-4f84-a6fa-9914f43525b1</p><p><b>status</b>: active</p><p><b>intent</b>: order</p><p><b>medication</b>: Aspirine 500 mg (36 effervescent tablets) <span style="background: LightGoldenRodYellow; margin: 4px; border: 1px solid khaki"> (cnk_product_codes#00)</span></p><p><b>subject</b>: <span></span></p><p><b>encounter</b>: <span></span></p><p><b>authoredOn</b>: 2021-08-01T09:00:00+02:00</p><p><b>requester</b>: <span>: GP2</span></p></div>
  </text>
  <extension url="http://hl7.org/fhir/StructureDefinition/event-basedOn">
    <valueReference>
      <identifier>
        <system value="http://treatment-identifiers.com"/>
        <value value="0d462dac-513a-4fb0-a2fe-fb7f53b27c5d"/>
      </identifier>
    </valueReference>
  </extension>
  <extension url="http://hl7belgium.org/fhir/riziv-medicationrecord/StructureDefinition/related-tl">
    <valueReference>
      <reference value="example-15-of-medication-treatmentLine2"/>
    </valueReference>
  </extension>
  <identifier>
    <system value="http://prescription-identifiers.com"/>
    <value value="f1ef61db-472f-4f84-a6fa-9914f43525b1"/>
  </identifier>
  <status value="active"/>
  <intent value="order"/>
  <medicationCodeableConcept>
    <coding>
      <system value="https://cnk.apb.be/codings/cnk_product_codes"/>
      <code value="00"/>
      <display value="Aspirine 500 mg (36 effervescent tablets)"/>
    </coding>
  </medicationCodeableConcept>
  <subject>
    <identifier>
      <system value="https://www.ehealth.fgov.be/standards/fhir/NamingSystem/ssin"/>
      <value value="64110219106"/>
    </identifier>
  </subject>
  <encounter>
    <identifier>
      <system value="http://encounter-identifiers.com"/>
      <value value="7b0febb8-4117-4019-9f7f-bb920912548e"/>
    </identifier>
  </encounter>
  <authoredOn value="2021-08-01T09:00:00+02:00"/>
  <requester>
    <identifier>
      <system value="http://physician-identifiers.com"/>
      <value value="db0f310a-e2fe-4aca-93cc-c3fd41dc272a"/>
    </identifier>
    <display value="GP2"/>
  </requester>
  <dosageInstruction>
    <timing>
      <repeat>
        <frequency value="1"/>
        <period value="1"/>
        <periodUnit value="d"/>
        <when value="MORN"/>
      </repeat>
    </timing>
    <route>
      <coding>
        <system value="http://snomed.info/sct"/>
        <code value="26643006"/>
        <display value="Oral Route"/>
      </coding>
    </route>
    <doseAndRate>
      <doseQuantity>
        <value value="1"/>
        <unit value="TAB"/>
        <system value="http://terminology.hl7.org/CodeSystem/v3-orderableDrugForm"/>
        <code value="TAB"/>
      </doseQuantity>
    </doseAndRate>
  </dosageInstruction>
</MedicationRequest>