<?xml version="1.0" encoding="UTF-8"?><ExampleScenario xmlns="http://hl7.org/fhir"><id value="example-3-scenario"/><url value="http://hl7belgium.org/fhir/riziv-medicationrecord/ExampleScenario/example-3-scenario"/><version value="0.1.0-test"/><name value="DispenseBeforePrescription"/><status value="draft"/><experimental value="false"/><date value="2019-09-11T00:00:00.000+01:00"/><publisher value="HL7 Belgium"/><contact><telecom><system value="url"/><value value="http://hl7belgium.org"/></telecom></contact><jurisdiction><coding><system value="urn:iso:std:iso:3166"/><code value="BE"/></coding></jurisdiction><actor><actorId value="PATIENT"/><type value="person"/><name value="Pia Peters"/></actor><actor><actorId value="GP"/><type value="person"/><name value="Dr. Durant"/></actor><actor><actorId value="VAULT"/><type value="entity"/><name value="Vault"/></actor><actor><actorId value="PHARM"/><type value="person"/><name value="Pharmacist"/></actor><instance><resourceId value="3-dispense"/><resourceType value="MedicationDispense"/><name value="Diclofenac Dispense "/></instance><instance><resourceId value="EB"/><resourceType value="Bundle"/><name value="Empty Bundle"/></instance><instance><resourceId value="3-treatmentLine"/><resourceType value="MedicationStatement"/><name value="New Treatment Line"/></instance><instance><resourceId value="3-treatment"/><resourceType value="CarePlan"/><name value="New Treatment"/></instance><instance><resourceId value="3-prescription"/><resourceType value="MedicationRequest"/><name value="Diclofenac Prescription"/></instance><instance><resourceId value="3-2-dispense"/><resourceType value="MedicationDispense"/><name value="Pantoprazole Dispense [ancilliary product]"/></instance><instance><resourceId value="3-2-prescription"/><resourceType value="MedicationRequest"/><name value="Pantoprazole Prescription"/></instance><instance><resourceId value="3-1-provenance"/><resourceType value="Provenance"/><name value="Link first Prescription and treatmentLine"/></instance><instance><resourceId value="3-2-provenance"/><resourceType value="Provenance"/><name value="Link first dispense and treatmentLine"/></instance><instance><resourceId value="3-3-provenance"/><resourceType value="Provenance"/><name value="Link second dispense and treatmentLine"/></instance><instance><resourceId value="3-4-provenance"/><resourceType value="Provenance"/><name value="Link second Prescription and treatmentLine"/></instance><process><title value="Dispense of medication before a existing prescription"/><description value="description"/><preConditions value="After a GP visit, the patient Pia Peters (75 years) is prescribed diclofenac for arthritis. While making the dispense, the pharmacist understands that the patient has a history of stomachal ulcers. Since diclofenac creates stomachal irritations, the pharmacy also dispenses a stomach protector to prevent any case of stomach irritation or bleeding and advises to tell the information to the GP."/><postConditions value="A new treatment and treatmentLine are created, inside the new treatment line, a prescription and dispense are contained and is possible to see which medication is associated with each."/><step><process><title value="Initial Contact"/><step><operation><number value="1"/><name value="Goes to appointment"/><initiator value="PATIENT"/><receiver value="GP"/></operation></step><step><operation><number value="2"/><name value="Get Patient's Medication"/><initiator value="VAULT"/><receiver value="GP"/><response><resourceId value="EB"/></response></operation></step><step><operation><number value="3"/><name value="Create new prescription"/><initiator value="GP"/><receiver value="VAULT"/><request><resourceId value="3-prescription"/></request></operation></step></process></step><step><process><title value="Treatment resources Creation"/><step><operation><number value="4"/><name value="Create new treatment"/><initiator value="VAULT"/><receiver value="VAULT"/><request><resourceId value="3-treatment"/></request></operation></step><step><operation><number value="5"/><name value="Create new treatment Line"/><initiator value="VAULT"/><receiver value="VAULT"/><request><resourceId value="3-treatmentLine"/></request></operation></step><step><operation><number value="6"/><name value="Resource Linking"/><initiator value="VAULT"/><receiver value="VAULT"/><request><resourceId value="3-1-provenance"/></request></operation></step></process></step><step><process><title value="Dispense"/><step><operation><number value="7"/><name value="Get patient's Prescriptions"/><initiator value="VAULT"/><receiver value="PHARM"/><response><resourceId value="EB"/></response></operation></step><step><operation><number value="8"/><name value="Dispense original dispense"/><initiator value="PHARM"/><receiver value="VAULT"/><request><resourceId value="3-dispense"/></request></operation></step><step><operation><number value="9"/><name value="Dispense ancilliary product"/><initiator value="PHARM"/><receiver value="VAULT"/><request><resourceId value="3-2-dispense"/></request></operation></step></process></step><step><process><title value="Treatment Line Creation and resource Linking"/><step><operation><number value="10"/><name value="New Treatment Line for anciiliary product"/><initiator value="VAULT"/><receiver value="VAULT"/><request><resourceId value="3-treatmentLine"/></request></operation></step><step><operation><number value="11"/><name value="Resource Linking"/><initiator value="VAULT"/><receiver value="VAULT"/><request><resourceId value="3-2-provenance"/></request></operation></step><step><operation><number value="12"/><name value="Resource Linking"/><initiator value="VAULT"/><receiver value="VAULT"/><request><resourceId value="3-3-provenance"/></request></operation></step></process></step><step><process><title value="Reporting and new dispense"/><step><operation><number value="13"/><name value="Notification of a dispense"/><initiator value="PHARM"/><receiver value="GP"/></operation></step><step><operation><number value="16"/><name value="Create new prescription"/><initiator value="GP"/><receiver value="VAULT"/><response><resourceId value="3-2-prescription"/></response></operation></step></process></step><step><process><title value="Linking"/><step><operation><number value="17"/><name value="Resource Linking"/><initiator value="VAULT"/><receiver value="VAULT"/><request><resourceId value="3-4-provenance"/></request></operation></step></process></step></process></ExampleScenario>