{"resourceType":"ExampleScenario","id":"example-13-scenario","url":"http://hl7belgium.org/fhir/riziv-medicationrecord/ExampleScenario/example-13-scenario","version":"0.1.0-test","name":"MedicationOTC","status":"draft","experimental":false,"date":"2019-09-11T00:00:00.000+01:00","publisher":"HL7 Belgium","contact":[{"telecom":[{"system":"url","value":"http://hl7belgium.org"}]}],"jurisdiction":[{"coding":[{"system":"urn:iso:std:iso:3166","code":"BE"}]}],"actor":[{"actorId":"PATIENT","type":"person","name":"Pia Peters"},{"actorId":"PHARM","type":"person","name":"Pharmacist"},{"actorId":"VAULT","type":"entity","name":"Vault"}],"instance":[{"resourceId":"EB","resourceType":"Bundle","name":"Empty Bundle"},{"resourceId":"13-1-treatmentLine","resourceType":"MedicationStatement","name":"New Treatment Line based on ibuprofen dispense"},{"resourceId":"13-treatment","resourceType":"CarePlan","name":"New Treatment based on ibuprofen dispense"},{"resourceId":"13-1-provenance","resourceType":"CarePlan","name":"Link first ibuprofen dispense and treatmentLine"},{"resourceId":"13-2-treatmentLine","resourceType":"MedicationStatement","name":"New Treatment Line based on paracetamol dispense"},{"resourceId":"13-2-provenance","resourceType":"CarePlan","name":"Link paracetamol dispense and treatmentLine"},{"resourceId":"13-3-provenance","resourceType":"CarePlan","name":"Link second ibuprofen dispense and treatmentLine"},{"resourceId":"13-1-dispense","resourceType":"MedicationDispense","name":"ibruprofen Dispense"},{"resourceId":"13-2-dispense","resourceType":"MedicationDispense","name":"parecetamol Dispense"},{"resourceId":"13-3-dispense","resourceType":"MedicationDispense","name":"ibruprofen Dispense"}],"process":[{"title":"Dispense of OTC medication on the community pharmacy","description":"description","preConditions":"The patient Pia Peters goes to the pharmacy with a complaint of headache. The pharmacist, dispenses ibruprofen 200 mg. After a few months, another minor headache appears and the patient repeats the procedure, receveing this time parecetamol 500 mg. The following year, the same situation repeats, receiving this time another ibuprofen.","postConditions":"How the treatments and treatment line behave with OTC dispenses without prescription and for the same condition","step":[{"process":[{"title":"Initial Contact","step":[{"operation":{"number":"1","name":"Goes to Pharmacy","initiator":"PATIENT","receiver":"PHARM"}},{"operation":{"number":"2","name":"Get Patient's Medication","initiator":"VAULT","receiver":"PHARM","response":{"resourceId":"EB"}}}]}]},{"process":[{"title":"First Dispense","step":[{"operation":{"number":"3","name":"Dispense a product","initiator":"PHARM","receiver":"VAULT","request":{"resourceId":"13-1-dispense"}}}]}]},{"process":[{"title":"Treatment resources Creation","step":[{"operation":{"number":"4","name":"Create new treatment","initiator":"VAULT","receiver":"VAULT","request":{"resourceId":"13-treatment"}}},{"operation":{"number":"5","name":"Create new treatment Line","initiator":"VAULT","receiver":"VAULT","request":{"resourceId":"13-1-treatmentLine"}}},{"operation":{"number":"6","name":"Resource Linking","initiator":"VAULT","receiver":"VAULT","request":{"resourceId":"13-1-provenance"}}}]}]},{"process":[{"title":"Second Dispense","step":[{"operation":{"number":"7","name":"Dispense another product","initiator":"PHARM","receiver":"VAULT","request":{"resourceId":"13-2-dispense"}}}]}]},{"process":[{"title":"New Resources Creation","step":[{"operation":{"number":"8","name":"Create new treatment Line","initiator":"VAULT","receiver":"VAULT","request":{"resourceId":"13-2-treatmentLine"}}},{"operation":{"number":"9","name":"Resource Linking","initiator":"VAULT","receiver":"VAULT","request":{"resourceId":"13-2-provenance"}}}]}]},{"process":[{"title":"Third Dispense","step":[{"operation":{"number":"10","name":"Dispense another product","initiator":"PHARM","receiver":"VAULT","request":{"resourceId":"13-3-dispense"}}}]}]},{"process":[{"title":"Resource Linkage","step":[{"operation":{"number":"11","name":"Resource Linking","initiator":"VAULT","receiver":"VAULT","request":{"resourceId":"13-3-provenance"}}}]}]}]}]}