{"resourceType":"StructureDefinition","id":"BeModelMedicationRecordTreatmentLine","text":{"status":"extensions","div":"<div xmlns=\"http://www.w3.org/1999/xhtml\"><table border=\"0\" cellpadding=\"0\" cellspacing=\"0\" style=\"border: 0px #F0F0F0 solid; font-size: 11px; font-family: verdana; vertical-align: top;\"><tr style=\"border: 1px #F0F0F0 solid; font-size: 11px; font-family: verdana; vertical-align: top\"><th style=\"vertical-align: top; text-align : left; background-color: white; border: 0px #F0F0F0 solid; padding:0px 4px 0px 4px\" class=\"hierarchy\"><a href=\"http://hl7.org/fhir/R4/formats.html#table\" title=\"The logical name of the element\">Name</a></th><th style=\"vertical-align: top; text-align : left; background-color: white; border: 0px #F0F0F0 solid; padding:0px 4px 0px 4px\" class=\"hierarchy\"><a href=\"http://hl7.org/fhir/R4/formats.html#table\" title=\"Information about the use of the element\">Flags</a></th><th style=\"vertical-align: top; text-align : left; background-color: white; border: 0px #F0F0F0 solid; padding:0px 4px 0px 4px\" class=\"hierarchy\"><a href=\"http://hl7.org/fhir/R4/formats.html#table\" title=\"Minimum and Maximum # of times the the element can appear in the instance\">Card.</a></th><th style=\"width: 100px\" class=\"hierarchy\"><a href=\"http://hl7.org/fhir/R4/formats.html#table\" title=\"Reference to the type of the element\">Type</a></th><th style=\"vertical-align: top; text-align : left; background-color: white; border: 0px #F0F0F0 solid; padding:0px 4px 0px 4px\" class=\"hierarchy\"><a href=\"http://hl7.org/fhir/R4/formats.html#table\" title=\"Additional information about the element\">Description &amp; Constraints</a><span style=\"float: right\"><a href=\"http://hl7.org/fhir/R4/formats.html#table\" title=\"Legend for this format\"><img src=\"http://hl7.org/fhir/R4/help16.png\" alt=\"doco\" style=\"background-color: inherit\"/></a></span></th></tr><tr style=\"border: 0px #F0F0F0 solid; padding:0px; vertical-align: top; background-color: white\"><td style=\"vertical-align: top; text-align : left; background-color: white; border: 0px #F0F0F0 solid; padding:0px 4px 0px 4px; white-space: nowrap; background-image: url(tbl_bck1.png)\" class=\"hierarchy\"><img src=\"tbl_spacer.png\" alt=\".\" style=\"background-color: inherit\" class=\"hierarchy\"/><img src=\"icon_element.gif\" alt=\".\" style=\"background-color: white; background-color: inherit\" title=\"Element\" class=\"hierarchy\"/> <a href=\"StructureDefinition-BeModelMedicationRecordTreatmentLine-definitions.html#BeModelMedicationRecordTreatmentLine\" title=\"A model for representing a Treatment Line.\">BeModelMedicationRecordTreatmentLine</a><a name=\"BeModelMedicationRecordTreatmentLine\"> </a></td><td style=\"vertical-align: top; text-align : left; background-color: white; border: 0px #F0F0F0 solid; padding:0px 4px 0px 4px\" class=\"hierarchy\"/><td style=\"vertical-align: top; text-align : left; background-color: white; border: 0px #F0F0F0 solid; padding:0px 4px 0px 4px\" class=\"hierarchy\"><span style=\"opacity: 0.5\">0</span><span style=\"opacity: 0.5\">..</span><span style=\"opacity: 0.5\">*</span></td><td style=\"vertical-align: top; text-align : left; background-color: white; border: 0px #F0F0F0 solid; padding:0px 4px 0px 4px\" class=\"hierarchy\"/><td style=\"vertical-align: top; text-align : left; background-color: white; border: 0px #F0F0F0 solid; padding:0px 4px 0px 4px\" class=\"hierarchy\">Medication Record Treatment Line - logical model</td></tr>\r\n<tr style=\"border: 0px #F0F0F0 solid; padding:0px; vertical-align: top; background-color: #F7F7F7\"><td style=\"vertical-align: top; text-align : left; background-color: #F7F7F7; border: 0px #F0F0F0 solid; padding:0px 4px 0px 4px; white-space: nowrap; background-image: url(tbl_bck10.png)\" class=\"hierarchy\"><img src=\"tbl_spacer.png\" alt=\".\" style=\"background-color: inherit\" class=\"hierarchy\"/><img src=\"tbl_vjoin.png\" alt=\".\" style=\"background-color: inherit\" class=\"hierarchy\"/><img src=\"icon_datatype.gif\" alt=\".\" style=\"background-color: #F7F7F7; background-color: inherit\" title=\"Data Type\" class=\"hierarchy\"/> <a href=\"StructureDefinition-BeModelMedicationRecordTreatmentLine-definitions.html#BeModelMedicationRecordTreatmentLine.identifier\" title=\"The business identifier(s) for the medication treatment Line\">identifier</a><a name=\"BeModelMedicationRecordTreatmentLine.identifier\"> </a></td><td style=\"vertical-align: top; text-align : left; background-color: #F7F7F7; border: 0px #F0F0F0 solid; padding:0px 4px 0px 4px\" class=\"hierarchy\"/><td style=\"vertical-align: top; text-align : left; background-color: #F7F7F7; border: 0px #F0F0F0 solid; padding:0px 4px 0px 4px\" class=\"hierarchy\">0..1</td><td style=\"vertical-align: top; text-align : left; background-color: #F7F7F7; border: 0px #F0F0F0 solid; padding:0px 4px 0px 4px\" class=\"hierarchy\"><a href=\"http://hl7.org/fhir/R4/datatypes.html#Identifier\">Identifier</a></td><td style=\"vertical-align: top; text-align : left; background-color: #F7F7F7; border: 0px #F0F0F0 solid; padding:0px 4px 0px 4px\" class=\"hierarchy\">The business identifier(s) for the medication treatment Line</td></tr>\r\n<tr style=\"border: 0px #F0F0F0 solid; padding:0px; vertical-align: top; background-color: white\"><td style=\"vertical-align: top; text-align : left; background-color: white; border: 0px #F0F0F0 solid; padding:0px 4px 0px 4px; white-space: nowrap; background-image: url(tbl_bck10.png)\" class=\"hierarchy\"><img src=\"tbl_spacer.png\" alt=\".\" style=\"background-color: inherit\" class=\"hierarchy\"/><img src=\"tbl_vjoin.png\" alt=\".\" style=\"background-color: inherit\" class=\"hierarchy\"/><img src=\"icon_reference.png\" alt=\".\" style=\"background-color: white; background-color: inherit\" title=\"Reference to another Resource\" class=\"hierarchy\"/> <a href=\"StructureDefinition-BeModelMedicationRecordTreatmentLine-definitions.html#BeModelMedicationRecordTreatmentLine.basedOn\" title=\"The identifier of the treatment from which this line stems\">basedOn</a><a name=\"BeModelMedicationRecordTreatmentLine.basedOn\"> </a></td><td style=\"vertical-align: top; text-align : left; background-color: white; border: 0px #F0F0F0 solid; padding:0px 4px 0px 4px\" class=\"hierarchy\"/><td style=\"vertical-align: top; text-align : left; background-color: white; border: 0px #F0F0F0 solid; padding:0px 4px 0px 4px\" class=\"hierarchy\">0..1</td><td style=\"vertical-align: top; text-align : left; background-color: white; border: 0px #F0F0F0 solid; padding:0px 4px 0px 4px\" class=\"hierarchy\"><a href=\"http://hl7.org/fhir/R4/references.html\">Reference</a>(<a href=\"StructureDefinition-BeModelMedicationRecordTreatment.html\">Medication Record - Medication Treatment</a>)</td><td style=\"vertical-align: top; text-align : left; background-color: white; border: 0px #F0F0F0 solid; padding:0px 4px 0px 4px\" class=\"hierarchy\">The identifier of the treatment from which this line stems</td></tr>\r\n<tr style=\"border: 0px #F0F0F0 solid; padding:0px; vertical-align: top; background-color: #F7F7F7\"><td style=\"vertical-align: top; text-align : left; background-color: #F7F7F7; border: 0px #F0F0F0 solid; padding:0px 4px 0px 4px; white-space: nowrap; background-image: url(tbl_bck10.png)\" class=\"hierarchy\"><img src=\"tbl_spacer.png\" alt=\".\" style=\"background-color: inherit\" class=\"hierarchy\"/><img src=\"tbl_vjoin.png\" alt=\".\" style=\"background-color: inherit\" class=\"hierarchy\"/><img src=\"icon_reference.png\" alt=\".\" style=\"background-color: #F7F7F7; background-color: inherit\" title=\"Reference to another Resource\" class=\"hierarchy\"/> <a href=\"StructureDefinition-BeModelMedicationRecordTreatmentLine-definitions.html#BeModelMedicationRecordTreatmentLine.subject\" title=\"For whom this treatment line was created\">subject</a><a name=\"BeModelMedicationRecordTreatmentLine.subject\"> </a></td><td style=\"vertical-align: top; text-align : left; background-color: #F7F7F7; border: 0px #F0F0F0 solid; padding:0px 4px 0px 4px\" class=\"hierarchy\"/><td style=\"vertical-align: top; text-align : left; background-color: #F7F7F7; border: 0px #F0F0F0 solid; padding:0px 4px 0px 4px\" class=\"hierarchy\">1..1</td><td style=\"vertical-align: top; text-align : left; background-color: #F7F7F7; border: 0px #F0F0F0 solid; padding:0px 4px 0px 4px\" class=\"hierarchy\"><a href=\"http://hl7.org/fhir/R4/references.html\">Reference</a>(<a href=\"http://hl7.org/fhir/R4/patient.html\">Patient</a>)</td><td style=\"vertical-align: top; text-align : left; background-color: #F7F7F7; border: 0px #F0F0F0 solid; padding:0px 4px 0px 4px\" class=\"hierarchy\">For whom this treatment line was created</td></tr>\r\n<tr style=\"border: 0px #F0F0F0 solid; padding:0px; vertical-align: top; background-color: white\"><td style=\"vertical-align: top; text-align : left; background-color: white; border: 0px #F0F0F0 solid; padding:0px 4px 0px 4px; white-space: nowrap; background-image: url(tbl_bck10.png)\" class=\"hierarchy\"><img src=\"tbl_spacer.png\" alt=\".\" style=\"background-color: inherit\" class=\"hierarchy\"/><img src=\"tbl_vjoin.png\" alt=\".\" style=\"background-color: inherit\" class=\"hierarchy\"/><img src=\"icon_reference.png\" alt=\".\" style=\"background-color: white; background-color: inherit\" title=\"Reference to another Resource\" class=\"hierarchy\"/> <a href=\"StructureDefinition-BeModelMedicationRecordTreatmentLine-definitions.html#BeModelMedicationRecordTreatmentLine.recorder\" title=\"Who created this treatment line\">recorder</a><a name=\"BeModelMedicationRecordTreatmentLine.recorder\"> </a></td><td style=\"vertical-align: top; text-align : left; background-color: white; border: 0px #F0F0F0 solid; padding:0px 4px 0px 4px\" class=\"hierarchy\"/><td style=\"vertical-align: top; text-align : left; background-color: white; border: 0px #F0F0F0 solid; padding:0px 4px 0px 4px\" class=\"hierarchy\">1..1</td><td style=\"vertical-align: top; text-align : left; background-color: white; border: 0px #F0F0F0 solid; padding:0px 4px 0px 4px\" class=\"hierarchy\"><a href=\"http://hl7.org/fhir/R4/references.html\">Reference</a>(<a href=\"http://hl7.org/fhir/R4/practitioner.html\">Practitioner</a> | <a href=\"http://hl7.org/fhir/R4/organization.html\">Organization</a>)</td><td style=\"vertical-align: top; text-align : left; background-color: white; border: 0px #F0F0F0 solid; padding:0px 4px 0px 4px\" class=\"hierarchy\">Who created this treatment line</td></tr>\r\n<tr style=\"border: 0px #F0F0F0 solid; padding:0px; vertical-align: top; background-color: #F7F7F7\"><td style=\"vertical-align: top; text-align : left; background-color: #F7F7F7; border: 0px #F0F0F0 solid; padding:0px 4px 0px 4px; white-space: nowrap; background-image: url(tbl_bck10.png)\" class=\"hierarchy\"><img src=\"tbl_spacer.png\" alt=\".\" style=\"background-color: inherit\" class=\"hierarchy\"/><img src=\"tbl_vjoin.png\" alt=\".\" style=\"background-color: inherit\" class=\"hierarchy\"/><img src=\"icon_primitive.png\" alt=\".\" style=\"background-color: #F7F7F7; background-color: inherit\" title=\"Primitive Data Type\" class=\"hierarchy\"/> <a href=\"StructureDefinition-BeModelMedicationRecordTreatmentLine-definitions.html#BeModelMedicationRecordTreatmentLine.recordDate\" title=\"Datetime that the treatment line was created or updated\">recordDate</a><a name=\"BeModelMedicationRecordTreatmentLine.recordDate\"> </a></td><td style=\"vertical-align: top; text-align : left; background-color: #F7F7F7; border: 0px #F0F0F0 solid; padding:0px 4px 0px 4px\" class=\"hierarchy\"/><td style=\"vertical-align: top; text-align : left; background-color: #F7F7F7; border: 0px #F0F0F0 solid; padding:0px 4px 0px 4px\" class=\"hierarchy\">1..1</td><td style=\"vertical-align: top; text-align : left; background-color: #F7F7F7; border: 0px #F0F0F0 solid; padding:0px 4px 0px 4px\" class=\"hierarchy\"><a href=\"http://hl7.org/fhir/R4/datatypes.html#dateTime\">dateTime</a></td><td style=\"vertical-align: top; text-align : left; background-color: #F7F7F7; border: 0px #F0F0F0 solid; padding:0px 4px 0px 4px\" class=\"hierarchy\">Datetime that the treatment line was created or updated</td></tr>\r\n<tr style=\"border: 0px #F0F0F0 solid; padding:0px; vertical-align: top; background-color: white\"><td style=\"vertical-align: top; text-align : left; background-color: white; border: 0px #F0F0F0 solid; padding:0px 4px 0px 4px; white-space: nowrap; background-image: url(tbl_bck10.png)\" class=\"hierarchy\"><img src=\"tbl_spacer.png\" alt=\".\" style=\"background-color: inherit\" class=\"hierarchy\"/><img src=\"tbl_vjoin.png\" alt=\".\" style=\"background-color: inherit\" class=\"hierarchy\"/><img src=\"icon_primitive.png\" alt=\".\" style=\"background-color: white; background-color: inherit\" title=\"Primitive Data Type\" class=\"hierarchy\"/> <a href=\"StructureDefinition-BeModelMedicationRecordTreatmentLine-definitions.html#BeModelMedicationRecordTreatmentLine.startMedicationDate\" title=\"Start date of the medication\">startMedicationDate</a><a name=\"BeModelMedicationRecordTreatmentLine.startMedicationDate\"> </a></td><td style=\"vertical-align: top; text-align : left; background-color: white; border: 0px #F0F0F0 solid; padding:0px 4px 0px 4px\" class=\"hierarchy\"/><td style=\"vertical-align: top; text-align : left; background-color: white; border: 0px #F0F0F0 solid; padding:0px 4px 0px 4px\" class=\"hierarchy\">1..1</td><td style=\"vertical-align: top; text-align : left; background-color: white; border: 0px #F0F0F0 solid; padding:0px 4px 0px 4px\" class=\"hierarchy\"><a href=\"http://hl7.org/fhir/R4/datatypes.html#dateTime\">dateTime</a></td><td style=\"vertical-align: top; text-align : left; background-color: white; border: 0px #F0F0F0 solid; padding:0px 4px 0px 4px\" class=\"hierarchy\">Start date of the medication</td></tr>\r\n<tr style=\"border: 0px #F0F0F0 solid; padding:0px; vertical-align: top; background-color: #F7F7F7\"><td style=\"vertical-align: top; text-align : left; background-color: #F7F7F7; border: 0px #F0F0F0 solid; padding:0px 4px 0px 4px; white-space: nowrap; background-image: url(tbl_bck10.png)\" class=\"hierarchy\"><img src=\"tbl_spacer.png\" alt=\".\" style=\"background-color: inherit\" class=\"hierarchy\"/><img src=\"tbl_vjoin.png\" alt=\".\" style=\"background-color: inherit\" class=\"hierarchy\"/><img src=\"icon_primitive.png\" alt=\".\" style=\"background-color: #F7F7F7; background-color: inherit\" title=\"Primitive Data Type\" class=\"hierarchy\"/> <a href=\"StructureDefinition-BeModelMedicationRecordTreatmentLine-definitions.html#BeModelMedicationRecordTreatmentLine.endMedicationDate\" title=\"End date, if exists, for stopping the medication\">endMedicationDate</a><a name=\"BeModelMedicationRecordTreatmentLine.endMedicationDate\"> </a></td><td style=\"vertical-align: top; text-align : left; background-color: #F7F7F7; border: 0px #F0F0F0 solid; padding:0px 4px 0px 4px\" class=\"hierarchy\"/><td style=\"vertical-align: top; text-align : left; background-color: #F7F7F7; border: 0px #F0F0F0 solid; padding:0px 4px 0px 4px\" class=\"hierarchy\">0..1</td><td style=\"vertical-align: top; text-align : left; background-color: #F7F7F7; border: 0px #F0F0F0 solid; padding:0px 4px 0px 4px\" class=\"hierarchy\"><a href=\"http://hl7.org/fhir/R4/datatypes.html#dateTime\">dateTime</a></td><td style=\"vertical-align: top; text-align : left; background-color: #F7F7F7; border: 0px #F0F0F0 solid; padding:0px 4px 0px 4px\" class=\"hierarchy\">End date, if exists, for stopping the medication</td></tr>\r\n<tr style=\"border: 0px #F0F0F0 solid; padding:0px; vertical-align: top; background-color: white\"><td style=\"vertical-align: top; text-align : left; background-color: white; border: 0px #F0F0F0 solid; padding:0px 4px 0px 4px; white-space: nowrap; background-image: url(tbl_bck10.png)\" class=\"hierarchy\"><img src=\"tbl_spacer.png\" alt=\".\" style=\"background-color: inherit\" class=\"hierarchy\"/><img src=\"tbl_vjoin.png\" alt=\".\" style=\"background-color: inherit\" class=\"hierarchy\"/><img src=\"icon_datatype.gif\" alt=\".\" style=\"background-color: white; background-color: inherit\" title=\"Data Type\" class=\"hierarchy\"/> <a href=\"StructureDefinition-BeModelMedicationRecordTreatmentLine-definitions.html#BeModelMedicationRecordTreatmentLine.originType\" title=\"From what context this treatment line stems, whether is ambulatory prescription, patient request, etc\">originType</a><a name=\"BeModelMedicationRecordTreatmentLine.originType\"> </a></td><td style=\"vertical-align: top; text-align : left; background-color: white; border: 0px #F0F0F0 solid; padding:0px 4px 0px 4px\" class=\"hierarchy\"/><td style=\"vertical-align: top; text-align : left; background-color: white; border: 0px #F0F0F0 solid; padding:0px 4px 0px 4px\" class=\"hierarchy\">1..1</td><td style=\"vertical-align: top; text-align : left; background-color: white; border: 0px #F0F0F0 solid; padding:0px 4px 0px 4px\" class=\"hierarchy\"><a href=\"http://hl7.org/fhir/R4/datatypes.html#CodeableConcept\">CodeableConcept</a></td><td style=\"vertical-align: top; text-align : left; background-color: white; border: 0px #F0F0F0 solid; padding:0px 4px 0px 4px\" class=\"hierarchy\">From what context this treatment line stems</td></tr>\r\n<tr style=\"border: 0px #F0F0F0 solid; padding:0px; vertical-align: top; background-color: #F7F7F7\"><td style=\"vertical-align: top; text-align : left; background-color: #F7F7F7; border: 0px #F0F0F0 solid; padding:0px 4px 0px 4px; white-space: nowrap; background-image: url(tbl_bck10.png)\" class=\"hierarchy\"><img src=\"tbl_spacer.png\" alt=\".\" style=\"background-color: inherit\" class=\"hierarchy\"/><img src=\"tbl_vjoin.png\" alt=\".\" style=\"background-color: inherit\" class=\"hierarchy\"/><img src=\"icon_datatype.gif\" alt=\".\" style=\"background-color: #F7F7F7; background-color: inherit\" title=\"Data Type\" class=\"hierarchy\"/> <a href=\"StructureDefinition-BeModelMedicationRecordTreatmentLine-definitions.html#BeModelMedicationRecordTreatmentLine.reaction\" title=\"Reaction to this treatment line\">reaction</a><a name=\"BeModelMedicationRecordTreatmentLine.reaction\"> </a></td><td style=\"vertical-align: top; text-align : left; background-color: #F7F7F7; border: 0px #F0F0F0 solid; padding:0px 4px 0px 4px\" class=\"hierarchy\"/><td style=\"vertical-align: top; text-align : left; background-color: #F7F7F7; border: 0px #F0F0F0 solid; padding:0px 4px 0px 4px\" class=\"hierarchy\">0..*</td><td style=\"vertical-align: top; text-align : left; background-color: #F7F7F7; border: 0px #F0F0F0 solid; padding:0px 4px 0px 4px\" class=\"hierarchy\"><a href=\"http://hl7.org/fhir/R4/datatypes.html#CodeableConcept\">CodeableConcept</a></td><td style=\"vertical-align: top; text-align : left; background-color: #F7F7F7; border: 0px #F0F0F0 solid; padding:0px 4px 0px 4px\" class=\"hierarchy\">Reaction to this treatment line<br/></td></tr>\r\n<tr style=\"border: 0px #F0F0F0 solid; padding:0px; vertical-align: top; background-color: white\"><td style=\"vertical-align: top; text-align : left; background-color: white; border: 0px #F0F0F0 solid; padding:0px 4px 0px 4px; white-space: nowrap; background-image: url(tbl_bck11.png)\" class=\"hierarchy\"><img src=\"tbl_spacer.png\" alt=\".\" style=\"background-color: inherit\" class=\"hierarchy\"/><img src=\"tbl_vjoin.png\" alt=\".\" style=\"background-color: inherit\" class=\"hierarchy\"/><img src=\"icon_choice.gif\" alt=\".\" style=\"background-color: white; background-color: inherit\" title=\"Choice of Types\" class=\"hierarchy\"/> <a href=\"StructureDefinition-BeModelMedicationRecordTreatmentLine-definitions.html#BeModelMedicationRecordTreatmentLine.product[x]\" title=\"Product for which the treatment line refers to\">product[x]</a><a name=\"BeModelMedicationRecordTreatmentLine.product_x_\"> </a></td><td style=\"vertical-align: top; text-align : left; background-color: white; border: 0px #F0F0F0 solid; padding:0px 4px 0px 4px\" class=\"hierarchy\"/><td style=\"vertical-align: top; text-align : left; background-color: white; border: 0px #F0F0F0 solid; padding:0px 4px 0px 4px\" class=\"hierarchy\">1..1</td><td style=\"vertical-align: top; text-align : left; background-color: white; border: 0px #F0F0F0 solid; padding:0px 4px 0px 4px\" class=\"hierarchy\"/><td style=\"vertical-align: top; text-align : left; background-color: white; border: 0px #F0F0F0 solid; padding:0px 4px 0px 4px\" class=\"hierarchy\">Product for which the treatment line refers to</td></tr>\r\n<tr style=\"border: 0px #F0F0F0 solid; padding:0px; vertical-align: top; background-color: #F7F7F7\"><td style=\"vertical-align: top; text-align : left; background-color: #F7F7F7; border: 0px #F0F0F0 solid; padding:0px 4px 0px 4px; white-space: nowrap; background-image: url(tbl_bck110.png)\" class=\"hierarchy\"><img src=\"tbl_spacer.png\" alt=\".\" style=\"background-color: inherit\" class=\"hierarchy\"/><img src=\"tbl_vline.png\" alt=\".\" style=\"background-color: inherit\" class=\"hierarchy\"/><img src=\"tbl_vjoin.png\" alt=\".\" style=\"background-color: inherit\" class=\"hierarchy\"/><img src=\"icon_datatype.gif\" alt=\".\" style=\"background-color: #F7F7F7; background-color: inherit\" title=\"Data Type\" class=\"hierarchy\"/> <span title=\"Base StructureDefinition for CodeableConcept Type: A concept that may be defined by a formal reference to a terminology or ontology or may be provided by text.\">productCodeableConcept</span></td><td style=\"vertical-align: top; text-align : left; background-color: #F7F7F7; border: 0px #F0F0F0 solid; padding:0px 4px 0px 4px\" class=\"hierarchy\"/><td style=\"vertical-align: top; text-align : left; background-color: #F7F7F7; border: 0px #F0F0F0 solid; padding:0px 4px 0px 4px\" class=\"hierarchy\"></td><td style=\"vertical-align: top; text-align : left; background-color: #F7F7F7; border: 0px #F0F0F0 solid; padding:0px 4px 0px 4px\" class=\"hierarchy\"><a href=\"http://hl7.org/fhir/R4/datatypes.html#CodeableConcept\">CodeableConcept</a></td><td style=\"vertical-align: top; text-align : left; background-color: #F7F7F7; border: 0px #F0F0F0 solid; padding:0px 4px 0px 4px\" class=\"hierarchy\"/></tr>\r\n<tr style=\"border: 0px #F0F0F0 solid; padding:0px; vertical-align: top; background-color: white\"><td style=\"vertical-align: top; text-align : left; background-color: white; border: 0px #F0F0F0 solid; padding:0px 4px 0px 4px; white-space: nowrap; background-image: url(tbl_bck100.png)\" class=\"hierarchy\"><img src=\"tbl_spacer.png\" alt=\".\" style=\"background-color: inherit\" class=\"hierarchy\"/><img src=\"tbl_vline.png\" alt=\".\" style=\"background-color: inherit\" class=\"hierarchy\"/><img src=\"tbl_vjoin_end.png\" alt=\".\" style=\"background-color: inherit\" class=\"hierarchy\"/><img src=\"icon_reference.png\" alt=\".\" style=\"background-color: white; background-color: inherit\" title=\"Reference to another Resource\" class=\"hierarchy\"/> productReference</td><td style=\"vertical-align: top; text-align : left; background-color: white; border: 0px #F0F0F0 solid; padding:0px 4px 0px 4px\" class=\"hierarchy\"/><td style=\"vertical-align: top; text-align : left; background-color: white; border: 0px #F0F0F0 solid; padding:0px 4px 0px 4px\" class=\"hierarchy\"></td><td style=\"vertical-align: top; text-align : left; background-color: white; border: 0px #F0F0F0 solid; padding:0px 4px 0px 4px\" class=\"hierarchy\"><a href=\"http://hl7.org/fhir/R4/references.html#Reference\">Reference</a>(<a href=\"http://hl7.org/fhir/R4/medication.html\">Medication</a>)</td><td style=\"vertical-align: top; text-align : left; background-color: white; border: 0px #F0F0F0 solid; padding:0px 4px 0px 4px\" class=\"hierarchy\"/></tr>\r\n<tr style=\"border: 0px #F0F0F0 solid; padding:0px; vertical-align: top; background-color: #F7F7F7\"><td style=\"vertical-align: top; text-align : left; background-color: #F7F7F7; border: 0px #F0F0F0 solid; padding:0px 4px 0px 4px; white-space: nowrap; background-image: url(tbl_bck10.png)\" class=\"hierarchy\"><img src=\"tbl_spacer.png\" alt=\".\" style=\"background-color: inherit\" class=\"hierarchy\"/><img src=\"tbl_vjoin.png\" alt=\".\" style=\"background-color: inherit\" class=\"hierarchy\"/><img src=\"icon_datatype.gif\" alt=\".\" style=\"background-color: #F7F7F7; background-color: inherit\" title=\"Data Type\" class=\"hierarchy\"/> <a href=\"StructureDefinition-BeModelMedicationRecordTreatmentLine-definitions.html#BeModelMedicationRecordTreatmentLine.medicationType\" title=\"What type of medication the product is: hospital, community, preparation, etc\">medicationType</a><a name=\"BeModelMedicationRecordTreatmentLine.medicationType\"> </a></td><td style=\"vertical-align: top; text-align : left; background-color: #F7F7F7; border: 0px #F0F0F0 solid; padding:0px 4px 0px 4px\" class=\"hierarchy\"/><td style=\"vertical-align: top; text-align : left; background-color: #F7F7F7; border: 0px #F0F0F0 solid; padding:0px 4px 0px 4px\" class=\"hierarchy\">0..*</td><td style=\"vertical-align: top; text-align : left; background-color: #F7F7F7; border: 0px #F0F0F0 solid; padding:0px 4px 0px 4px\" class=\"hierarchy\"><a href=\"http://hl7.org/fhir/R4/datatypes.html#CodeableConcept\">CodeableConcept</a></td><td style=\"vertical-align: top; text-align : left; background-color: #F7F7F7; border: 0px #F0F0F0 solid; padding:0px 4px 0px 4px\" class=\"hierarchy\">What type of medication the product is: hospital, community, preparation, etc<br/></td></tr>\r\n<tr style=\"border: 0px #F0F0F0 solid; padding:0px; vertical-align: top; background-color: white\"><td style=\"vertical-align: top; text-align : left; background-color: white; border: 0px #F0F0F0 solid; padding:0px 4px 0px 4px; white-space: nowrap; background-image: url(tbl_bck10.png)\" class=\"hierarchy\"><img src=\"tbl_spacer.png\" alt=\".\" style=\"background-color: inherit\" class=\"hierarchy\"/><img src=\"tbl_vjoin.png\" alt=\".\" style=\"background-color: inherit\" class=\"hierarchy\"/><img src=\"icon_primitive.png\" alt=\".\" style=\"background-color: white; background-color: inherit\" title=\"Primitive Data Type\" class=\"hierarchy\"/> <a href=\"StructureDefinition-BeModelMedicationRecordTreatmentLine-definitions.html#BeModelMedicationRecordTreatmentLine.instructionForUse\" title=\"Full representation of the dosage instructions\">instructionForUse</a><a name=\"BeModelMedicationRecordTreatmentLine.instructionForUse\"> </a></td><td style=\"vertical-align: top; text-align : left; background-color: white; border: 0px #F0F0F0 solid; padding:0px 4px 0px 4px\" class=\"hierarchy\"/><td style=\"vertical-align: top; text-align : left; background-color: white; border: 0px #F0F0F0 solid; padding:0px 4px 0px 4px\" class=\"hierarchy\">0..*</td><td style=\"vertical-align: top; text-align : left; background-color: white; border: 0px #F0F0F0 solid; padding:0px 4px 0px 4px\" class=\"hierarchy\"><a href=\"http://hl7.org/fhir/R4/datatypes.html#string\">string</a></td><td style=\"vertical-align: top; text-align : left; background-color: white; border: 0px #F0F0F0 solid; padding:0px 4px 0px 4px\" class=\"hierarchy\">Full representation of the dosage instructions<br/></td></tr>\r\n<tr style=\"border: 0px #F0F0F0 solid; padding:0px; vertical-align: top; background-color: #F7F7F7\"><td style=\"vertical-align: top; text-align : left; background-color: #F7F7F7; border: 0px #F0F0F0 solid; padding:0px 4px 0px 4px; white-space: nowrap; background-image: url(tbl_bck10.png)\" class=\"hierarchy\"><img src=\"tbl_spacer.png\" alt=\".\" style=\"background-color: inherit\" class=\"hierarchy\"/><img src=\"tbl_vjoin.png\" alt=\".\" style=\"background-color: inherit\" class=\"hierarchy\"/><img src=\"icon_datatype.gif\" alt=\".\" style=\"background-color: #F7F7F7; background-color: inherit\" title=\"Data Type\" class=\"hierarchy\"/> <a href=\"StructureDefinition-BeModelMedicationRecordTreatmentLine-definitions.html#BeModelMedicationRecordTreatmentLine.dosageAmount\" title=\"Quantity to be consumed\">dosageAmount</a><a name=\"BeModelMedicationRecordTreatmentLine.dosageAmount\"> </a></td><td style=\"vertical-align: top; text-align : left; background-color: #F7F7F7; border: 0px #F0F0F0 solid; padding:0px 4px 0px 4px\" class=\"hierarchy\"/><td style=\"vertical-align: top; text-align : left; background-color: #F7F7F7; border: 0px #F0F0F0 solid; padding:0px 4px 0px 4px\" class=\"hierarchy\">0..1</td><td style=\"vertical-align: top; text-align : left; background-color: #F7F7F7; border: 0px #F0F0F0 solid; padding:0px 4px 0px 4px\" class=\"hierarchy\"><a href=\"http://hl7.org/fhir/R4/datatypes.html#CodeableConcept\">CodeableConcept</a></td><td style=\"vertical-align: top; text-align : left; background-color: #F7F7F7; border: 0px #F0F0F0 solid; padding:0px 4px 0px 4px\" class=\"hierarchy\">Quantity to be consumed</td></tr>\r\n<tr style=\"border: 0px #F0F0F0 solid; padding:0px; vertical-align: top; background-color: white\"><td style=\"vertical-align: top; text-align : left; background-color: white; border: 0px #F0F0F0 solid; padding:0px 4px 0px 4px; white-space: nowrap; background-image: url(tbl_bck10.png)\" class=\"hierarchy\"><img src=\"tbl_spacer.png\" alt=\".\" style=\"background-color: inherit\" class=\"hierarchy\"/><img src=\"tbl_vjoin.png\" alt=\".\" style=\"background-color: inherit\" class=\"hierarchy\"/><img src=\"icon_datatype.gif\" alt=\".\" style=\"background-color: white; background-color: inherit\" title=\"Data Type\" class=\"hierarchy\"/> <a href=\"StructureDefinition-BeModelMedicationRecordTreatmentLine-definitions.html#BeModelMedicationRecordTreatmentLine.periodicity\" title=\"Scheduling for the consumption\">periodicity</a><a name=\"BeModelMedicationRecordTreatmentLine.periodicity\"> </a></td><td style=\"vertical-align: top; text-align : left; background-color: white; border: 0px #F0F0F0 solid; padding:0px 4px 0px 4px\" class=\"hierarchy\"/><td style=\"vertical-align: top; text-align : left; background-color: white; border: 0px #F0F0F0 solid; padding:0px 4px 0px 4px\" class=\"hierarchy\">0..1</td><td style=\"vertical-align: top; text-align : left; background-color: white; border: 0px #F0F0F0 solid; padding:0px 4px 0px 4px\" class=\"hierarchy\"><a href=\"http://hl7.org/fhir/R4/datatypes.html#CodeableConcept\">CodeableConcept</a></td><td style=\"vertical-align: top; text-align : left; background-color: white; border: 0px #F0F0F0 solid; padding:0px 4px 0px 4px\" class=\"hierarchy\">Scheduling for the consumption</td></tr>\r\n<tr style=\"border: 0px #F0F0F0 solid; padding:0px; vertical-align: top; background-color: #F7F7F7\"><td style=\"vertical-align: top; text-align : left; background-color: #F7F7F7; border: 0px #F0F0F0 solid; padding:0px 4px 0px 4px; white-space: nowrap; background-image: url(tbl_bck10.png)\" class=\"hierarchy\"><img src=\"tbl_spacer.png\" alt=\".\" style=\"background-color: inherit\" class=\"hierarchy\"/><img src=\"tbl_vjoin.png\" alt=\".\" style=\"background-color: inherit\" class=\"hierarchy\"/><img src=\"icon_datatype.gif\" alt=\".\" style=\"background-color: #F7F7F7; background-color: inherit\" title=\"Data Type\" class=\"hierarchy\"/> <a href=\"StructureDefinition-BeModelMedicationRecordTreatmentLine-definitions.html#BeModelMedicationRecordTreatmentLine.route\" title=\"Route through which the product should consumed\">route</a><a name=\"BeModelMedicationRecordTreatmentLine.route\"> </a></td><td style=\"vertical-align: top; text-align : left; background-color: #F7F7F7; border: 0px #F0F0F0 solid; padding:0px 4px 0px 4px\" class=\"hierarchy\"/><td style=\"vertical-align: top; text-align : left; background-color: #F7F7F7; border: 0px #F0F0F0 solid; padding:0px 4px 0px 4px\" class=\"hierarchy\">1..1</td><td style=\"vertical-align: top; text-align : left; background-color: #F7F7F7; border: 0px #F0F0F0 solid; padding:0px 4px 0px 4px\" class=\"hierarchy\"><a href=\"http://hl7.org/fhir/R4/datatypes.html#CodeableConcept\">CodeableConcept</a></td><td style=\"vertical-align: top; text-align : left; background-color: #F7F7F7; border: 0px #F0F0F0 solid; padding:0px 4px 0px 4px\" class=\"hierarchy\">Route through which the product should consumed</td></tr>\r\n<tr style=\"border: 0px #F0F0F0 solid; padding:0px; vertical-align: top; background-color: white\"><td style=\"vertical-align: top; text-align : left; background-color: white; border: 0px #F0F0F0 solid; padding:0px 4px 0px 4px; white-space: nowrap; background-image: url(tbl_bck10.png)\" class=\"hierarchy\"><img src=\"tbl_spacer.png\" alt=\".\" style=\"background-color: inherit\" class=\"hierarchy\"/><img src=\"tbl_vjoin.png\" alt=\".\" style=\"background-color: inherit\" class=\"hierarchy\"/><img src=\"icon_datatype.gif\" alt=\".\" style=\"background-color: white; background-color: inherit\" title=\"Data Type\" class=\"hierarchy\"/> <a href=\"StructureDefinition-BeModelMedicationRecordTreatmentLine-definitions.html#BeModelMedicationRecordTreatmentLine.dayPeriod\" title=\"Period of the day for consuming the product\">dayPeriod</a><a name=\"BeModelMedicationRecordTreatmentLine.dayPeriod\"> </a></td><td style=\"vertical-align: top; text-align : left; background-color: white; border: 0px #F0F0F0 solid; padding:0px 4px 0px 4px\" class=\"hierarchy\"/><td style=\"vertical-align: top; text-align : left; background-color: white; border: 0px #F0F0F0 solid; padding:0px 4px 0px 4px\" class=\"hierarchy\">0..*</td><td style=\"vertical-align: top; text-align : left; background-color: white; border: 0px #F0F0F0 solid; padding:0px 4px 0px 4px\" class=\"hierarchy\"><a href=\"http://hl7.org/fhir/R4/datatypes.html#CodeableConcept\">CodeableConcept</a></td><td style=\"vertical-align: top; text-align : left; background-color: white; border: 0px #F0F0F0 solid; padding:0px 4px 0px 4px\" class=\"hierarchy\">Period of the day for consuming the product<br/></td></tr>\r\n<tr style=\"border: 0px #F0F0F0 solid; padding:0px; vertical-align: top; background-color: #F7F7F7\"><td style=\"vertical-align: top; text-align : left; background-color: #F7F7F7; border: 0px #F0F0F0 solid; padding:0px 4px 0px 4px; white-space: nowrap; background-image: url(tbl_bck10.png)\" class=\"hierarchy\"><img src=\"tbl_spacer.png\" alt=\".\" style=\"background-color: inherit\" class=\"hierarchy\"/><img src=\"tbl_vjoin.png\" alt=\".\" style=\"background-color: inherit\" class=\"hierarchy\"/><img src=\"icon_datatype.gif\" alt=\".\" style=\"background-color: #F7F7F7; background-color: inherit\" title=\"Data Type\" class=\"hierarchy\"/> <a href=\"StructureDefinition-BeModelMedicationRecordTreatmentLine-definitions.html#BeModelMedicationRecordTreatmentLine.lifecycleStatus\" title=\"Status of the treatment line\">lifecycleStatus</a><a name=\"BeModelMedicationRecordTreatmentLine.lifecycleStatus\"> </a></td><td style=\"vertical-align: top; text-align : left; background-color: #F7F7F7; border: 0px #F0F0F0 solid; padding:0px 4px 0px 4px\" class=\"hierarchy\"/><td style=\"vertical-align: top; text-align : left; background-color: #F7F7F7; border: 0px #F0F0F0 solid; padding:0px 4px 0px 4px\" class=\"hierarchy\">1..1</td><td style=\"vertical-align: top; text-align : left; background-color: #F7F7F7; border: 0px #F0F0F0 solid; padding:0px 4px 0px 4px\" class=\"hierarchy\"><a href=\"http://hl7.org/fhir/R4/datatypes.html#CodeableConcept\">CodeableConcept</a></td><td style=\"vertical-align: top; text-align : left; background-color: #F7F7F7; border: 0px #F0F0F0 solid; padding:0px 4px 0px 4px\" class=\"hierarchy\">Status of the treatment line</td></tr>\r\n<tr style=\"border: 0px #F0F0F0 solid; padding:0px; vertical-align: top; background-color: white\"><td style=\"vertical-align: top; text-align : left; background-color: white; border: 0px #F0F0F0 solid; padding:0px 4px 0px 4px; white-space: nowrap; background-image: url(tbl_bck10.png)\" class=\"hierarchy\"><img src=\"tbl_spacer.png\" alt=\".\" style=\"background-color: inherit\" class=\"hierarchy\"/><img src=\"tbl_vjoin.png\" alt=\".\" style=\"background-color: inherit\" class=\"hierarchy\"/><img src=\"icon_datatype.gif\" alt=\".\" style=\"background-color: white; background-color: inherit\" title=\"Data Type\" class=\"hierarchy\"/> <a href=\"StructureDefinition-BeModelMedicationRecordTreatmentLine-definitions.html#BeModelMedicationRecordTreatmentLine.statusReason\" title=\"Reason the status\">statusReason</a><a name=\"BeModelMedicationRecordTreatmentLine.statusReason\"> </a></td><td style=\"vertical-align: top; text-align : left; background-color: white; border: 0px #F0F0F0 solid; padding:0px 4px 0px 4px\" class=\"hierarchy\"/><td style=\"vertical-align: top; text-align : left; background-color: white; border: 0px #F0F0F0 solid; padding:0px 4px 0px 4px\" class=\"hierarchy\">0..*</td><td style=\"vertical-align: top; text-align : left; background-color: white; border: 0px #F0F0F0 solid; padding:0px 4px 0px 4px\" class=\"hierarchy\"><a href=\"http://hl7.org/fhir/R4/datatypes.html#CodeableConcept\">CodeableConcept</a></td><td style=\"vertical-align: top; text-align : left; background-color: white; border: 0px #F0F0F0 solid; padding:0px 4px 0px 4px\" class=\"hierarchy\">Reason the status<br/></td></tr>\r\n<tr style=\"border: 0px #F0F0F0 solid; padding:0px; vertical-align: top; background-color: #F7F7F7\"><td style=\"vertical-align: top; text-align : left; background-color: #F7F7F7; border: 0px #F0F0F0 solid; padding:0px 4px 0px 4px; white-space: nowrap; background-image: url(tbl_bck10.png)\" class=\"hierarchy\"><img src=\"tbl_spacer.png\" alt=\".\" style=\"background-color: inherit\" class=\"hierarchy\"/><img src=\"tbl_vjoin.png\" alt=\".\" style=\"background-color: inherit\" class=\"hierarchy\"/><img src=\"icon_reference.png\" alt=\".\" style=\"background-color: #F7F7F7; background-color: inherit\" title=\"Reference to another Resource\" class=\"hierarchy\"/> <a href=\"StructureDefinition-BeModelMedicationRecordTreatmentLine-definitions.html#BeModelMedicationRecordTreatmentLine.treatmentPlan\" title=\"Link to the 'parent' treatment - i.e the treatment that this order is derived from, or contriburing to\">treatmentPlan</a><a name=\"BeModelMedicationRecordTreatmentLine.treatmentPlan\"> </a></td><td style=\"vertical-align: top; text-align : left; background-color: #F7F7F7; border: 0px #F0F0F0 solid; padding:0px 4px 0px 4px\" class=\"hierarchy\"/><td style=\"vertical-align: top; text-align : left; background-color: #F7F7F7; border: 0px #F0F0F0 solid; padding:0px 4px 0px 4px\" class=\"hierarchy\">0..1</td><td style=\"vertical-align: top; text-align : left; background-color: #F7F7F7; border: 0px #F0F0F0 solid; padding:0px 4px 0px 4px\" class=\"hierarchy\"><a href=\"http://hl7.org/fhir/R4/references.html\">Reference</a>()</td><td style=\"vertical-align: top; text-align : left; background-color: #F7F7F7; border: 0px #F0F0F0 solid; padding:0px 4px 0px 4px\" class=\"hierarchy\">Link to the 'parent' treatment - i.e the treatment that this order is derived from, or contriburing to</td></tr>\r\n<tr style=\"border: 0px #F0F0F0 solid; padding:0px; vertical-align: top; background-color: white\"><td style=\"vertical-align: top; text-align : left; background-color: white; border: 0px #F0F0F0 solid; padding:0px 4px 0px 4px; white-space: nowrap; background-image: url(tbl_bck00.png)\" class=\"hierarchy\"><img src=\"tbl_spacer.png\" alt=\".\" style=\"background-color: inherit\" class=\"hierarchy\"/><img src=\"tbl_vjoin_end.png\" alt=\".\" style=\"background-color: inherit\" class=\"hierarchy\"/><img src=\"icon_datatype.gif\" alt=\".\" style=\"background-color: white; background-color: inherit\" title=\"Data Type\" class=\"hierarchy\"/> <a href=\"StructureDefinition-BeModelMedicationRecordTreatmentLine-definitions.html#BeModelMedicationRecordTreatmentLine.indication\" title=\"Why the treatment exists\">indication</a><a name=\"BeModelMedicationRecordTreatmentLine.indication\"> </a></td><td style=\"vertical-align: top; text-align : left; background-color: white; border: 0px #F0F0F0 solid; padding:0px 4px 0px 4px\" class=\"hierarchy\"/><td style=\"vertical-align: top; text-align : left; background-color: white; border: 0px #F0F0F0 solid; padding:0px 4px 0px 4px\" class=\"hierarchy\">0..*</td><td style=\"vertical-align: top; text-align : left; background-color: white; border: 0px #F0F0F0 solid; padding:0px 4px 0px 4px\" class=\"hierarchy\"><a href=\"http://hl7.org/fhir/R4/datatypes.html#CodeableConcept\">CodeableConcept</a></td><td style=\"vertical-align: top; text-align : left; background-color: white; border: 0px #F0F0F0 solid; padding:0px 4px 0px 4px\" class=\"hierarchy\">Why the treatment exists<br/></td></tr>\r\n<tr><td colspan=\"5\" class=\"hierarchy\"><br/><a href=\"http://hl7.org/fhir/R4/formats.html#table\" title=\"Legend for this format\"><img src=\"http://hl7.org/fhir/R4/help16.png\" alt=\"doco\" style=\"background-color: inherit\"/> Documentation for this format</a></td></tr></table></div>"},"url":"http://hl7belgium.org/fhir/riziv-medicationrecord/StructureDefinition/BeModelMedicationRecordTreatmentLine","version":"0.1.0-test","name":"BeModelMedicationRecordTreatmentLine","title":"Medication Record Treatment Line - logical model","status":"active","date":"2022-05-27T16:28:46+00:00","publisher":"HL7 Belgium","contact":[{"telecom":[{"system":"url","value":"http://hl7belgium.org"}]}],"description":"A model for representing a Treatment Line.","jurisdiction":[{"coding":[{"system":"urn:iso:std:iso:3166","code":"BE"}]}],"fhirVersion":"4.0.1","mapping":[{"identity":"rim","uri":"http://hl7.org/v3","name":"RIM Mapping"}],"kind":"logical","abstract":false,"type":"http://hl7belgium.org/fhir/riziv-medicationrecord/StructureDefinition/BeModelMedicationRecordTreatmentLine","baseDefinition":"http://hl7.org/fhir/StructureDefinition/Base","derivation":"specialization","snapshot":{"element":[{"id":"BeModelMedicationRecordTreatmentLine","path":"BeModelMedicationRecordTreatmentLine","short":"Medication Record Treatment Line - logical model","definition":"A model for representing a Treatment Line.","min":0,"max":"*","base":{"path":"Base","min":0,"max":"*"},"isModifier":false},{"id":"BeModelMedicationRecordTreatmentLine.identifier","path":"BeModelMedicationRecordTreatmentLine.identifier","short":"The business identifier(s) for the medication treatment Line","definition":"The business identifier(s) for the medication treatment Line","min":0,"max":"1","base":{"path":"BeModelMedicationRecordTreatmentLine.identifier","min":0,"max":"1"},"type":[{"code":"Identifier"}]},{"id":"BeModelMedicationRecordTreatmentLine.basedOn","path":"BeModelMedicationRecordTreatmentLine.basedOn","short":"The identifier of the treatment from which this line stems","definition":"The identifier of the treatment from which this line stems","min":0,"max":"1","base":{"path":"BeModelMedicationRecordTreatmentLine.basedOn","min":0,"max":"1"},"type":[{"code":"Reference","targetProfile":["http://hl7belgium.org/fhir/riziv-medicationrecord/StructureDefinition/BeModelMedicationRecordTreatment"]}]},{"id":"BeModelMedicationRecordTreatmentLine.subject","path":"BeModelMedicationRecordTreatmentLine.subject","short":"For whom this treatment line was created","definition":"For whom this treatment line was created","min":1,"max":"1","base":{"path":"BeModelMedicationRecordTreatmentLine.subject","min":1,"max":"1"},"type":[{"code":"Reference","targetProfile":["http://hl7.org/fhir/StructureDefinition/Patient"]}]},{"id":"BeModelMedicationRecordTreatmentLine.recorder","path":"BeModelMedicationRecordTreatmentLine.recorder","short":"Who created this treatment line","definition":"Who created this treatment line","min":1,"max":"1","base":{"path":"BeModelMedicationRecordTreatmentLine.recorder","min":1,"max":"1"},"type":[{"code":"Reference","targetProfile":["http://hl7.org/fhir/StructureDefinition/Practitioner","http://hl7.org/fhir/StructureDefinition/Organization"]}]},{"id":"BeModelMedicationRecordTreatmentLine.recordDate","path":"BeModelMedicationRecordTreatmentLine.recordDate","short":"Datetime that the treatment line was created or updated","definition":"Datetime that the treatment line was created or updated","min":1,"max":"1","base":{"path":"BeModelMedicationRecordTreatmentLine.recordDate","min":1,"max":"1"},"type":[{"code":"dateTime"}]},{"id":"BeModelMedicationRecordTreatmentLine.startMedicationDate","path":"BeModelMedicationRecordTreatmentLine.startMedicationDate","short":"Start date of the medication","definition":"Start date of the medication","min":1,"max":"1","base":{"path":"BeModelMedicationRecordTreatmentLine.startMedicationDate","min":1,"max":"1"},"type":[{"code":"dateTime"}]},{"id":"BeModelMedicationRecordTreatmentLine.endMedicationDate","path":"BeModelMedicationRecordTreatmentLine.endMedicationDate","short":"End date, if exists, for stopping the medication","definition":"End date, if exists, for stopping the medication","min":0,"max":"1","base":{"path":"BeModelMedicationRecordTreatmentLine.endMedicationDate","min":0,"max":"1"},"type":[{"code":"dateTime"}]},{"id":"BeModelMedicationRecordTreatmentLine.originType","path":"BeModelMedicationRecordTreatmentLine.originType","short":"From what context this treatment line stems","definition":"From what context this treatment line stems, whether is ambulatory prescription, patient request, etc","min":1,"max":"1","base":{"path":"BeModelMedicationRecordTreatmentLine.originType","min":1,"max":"1"},"type":[{"code":"CodeableConcept"}]},{"id":"BeModelMedicationRecordTreatmentLine.reaction","path":"BeModelMedicationRecordTreatmentLine.reaction","short":"Reaction to this treatment line","definition":"Reaction to this treatment line","min":0,"max":"*","base":{"path":"BeModelMedicationRecordTreatmentLine.reaction","min":0,"max":"*"},"type":[{"code":"CodeableConcept"}]},{"id":"BeModelMedicationRecordTreatmentLine.product[x]","path":"BeModelMedicationRecordTreatmentLine.product[x]","short":"Product for which the treatment line refers to","definition":"Product for which the treatment line refers to","min":1,"max":"1","base":{"path":"BeModelMedicationRecordTreatmentLine.product[x]","min":1,"max":"1"},"type":[{"code":"CodeableConcept"},{"code":"Reference","targetProfile":["http://hl7.org/fhir/StructureDefinition/Medication"]}]},{"id":"BeModelMedicationRecordTreatmentLine.medicationType","path":"BeModelMedicationRecordTreatmentLine.medicationType","short":"What type of medication the product is: hospital, community, preparation, etc","definition":"What type of medication the product is: hospital, community, preparation, etc","min":0,"max":"*","base":{"path":"BeModelMedicationRecordTreatmentLine.medicationType","min":0,"max":"*"},"type":[{"code":"CodeableConcept"}]},{"id":"BeModelMedicationRecordTreatmentLine.instructionForUse","path":"BeModelMedicationRecordTreatmentLine.instructionForUse","short":"Full representation of the dosage instructions","definition":"Full representation of the dosage instructions","min":0,"max":"*","base":{"path":"BeModelMedicationRecordTreatmentLine.instructionForUse","min":0,"max":"*"},"type":[{"code":"string"}]},{"id":"BeModelMedicationRecordTreatmentLine.dosageAmount","path":"BeModelMedicationRecordTreatmentLine.dosageAmount","short":"Quantity to be consumed","definition":"Quantity to be consumed","min":0,"max":"1","base":{"path":"BeModelMedicationRecordTreatmentLine.dosageAmount","min":0,"max":"1"},"type":[{"code":"CodeableConcept"}]},{"id":"BeModelMedicationRecordTreatmentLine.periodicity","path":"BeModelMedicationRecordTreatmentLine.periodicity","short":"Scheduling for the consumption","definition":"Scheduling for the consumption","min":0,"max":"1","base":{"path":"BeModelMedicationRecordTreatmentLine.periodicity","min":0,"max":"1"},"type":[{"code":"CodeableConcept"}]},{"id":"BeModelMedicationRecordTreatmentLine.route","path":"BeModelMedicationRecordTreatmentLine.route","short":"Route through which the product should consumed","definition":"Route through which the product should consumed","min":1,"max":"1","base":{"path":"BeModelMedicationRecordTreatmentLine.route","min":1,"max":"1"},"type":[{"code":"CodeableConcept"}]},{"id":"BeModelMedicationRecordTreatmentLine.dayPeriod","path":"BeModelMedicationRecordTreatmentLine.dayPeriod","short":"Period of the day for consuming the product","definition":"Period of the day for consuming the product","min":0,"max":"*","base":{"path":"BeModelMedicationRecordTreatmentLine.dayPeriod","min":0,"max":"*"},"type":[{"code":"CodeableConcept"}]},{"id":"BeModelMedicationRecordTreatmentLine.lifecycleStatus","path":"BeModelMedicationRecordTreatmentLine.lifecycleStatus","short":"Status of the treatment line","definition":"Status of the treatment line","min":1,"max":"1","base":{"path":"BeModelMedicationRecordTreatmentLine.lifecycleStatus","min":1,"max":"1"},"type":[{"code":"CodeableConcept"}]},{"id":"BeModelMedicationRecordTreatmentLine.statusReason","path":"BeModelMedicationRecordTreatmentLine.statusReason","short":"Reason the status","definition":"Reason the status","min":0,"max":"*","base":{"path":"BeModelMedicationRecordTreatmentLine.statusReason","min":0,"max":"*"},"type":[{"code":"CodeableConcept"}]},{"id":"BeModelMedicationRecordTreatmentLine.treatmentPlan","path":"BeModelMedicationRecordTreatmentLine.treatmentPlan","short":"Link to the 'parent' treatment - i.e the treatment that this order is derived from, or contriburing to","definition":"Link to the 'parent' treatment - i.e the treatment that this order is derived from, or contriburing to","min":0,"max":"1","base":{"path":"BeModelMedicationRecordTreatmentLine.treatmentPlan","min":0,"max":"1"},"type":[{"code":"Reference"}]},{"id":"BeModelMedicationRecordTreatmentLine.indication","path":"BeModelMedicationRecordTreatmentLine.indication","short":"Why the treatment exists","definition":"Why the treatment exists","min":0,"max":"*","base":{"path":"BeModelMedicationRecordTreatmentLine.indication","min":0,"max":"*"},"type":[{"code":"CodeableConcept"}]}]},"differential":{"element":[{"id":"BeModelMedicationRecordTreatmentLine","path":"BeModelMedicationRecordTreatmentLine","short":"Medication Record Treatment Line - logical model","definition":"A model for representing a Treatment Line."},{"id":"BeModelMedicationRecordTreatmentLine.identifier","path":"BeModelMedicationRecordTreatmentLine.identifier","short":"The business identifier(s) for the medication treatment Line","definition":"The business identifier(s) for the medication treatment Line","min":0,"max":"1","type":[{"code":"Identifier"}]},{"id":"BeModelMedicationRecordTreatmentLine.basedOn","path":"BeModelMedicationRecordTreatmentLine.basedOn","short":"The identifier of the treatment from which this line stems","definition":"The identifier of the treatment from which this line stems","min":0,"max":"1","type":[{"code":"Reference","targetProfile":["http://hl7belgium.org/fhir/riziv-medicationrecord/StructureDefinition/BeModelMedicationRecordTreatment"]}]},{"id":"BeModelMedicationRecordTreatmentLine.subject","path":"BeModelMedicationRecordTreatmentLine.subject","short":"For whom this treatment line was created","definition":"For whom this treatment line was created","min":1,"max":"1","type":[{"code":"Reference","targetProfile":["http://hl7.org/fhir/StructureDefinition/Patient"]}]},{"id":"BeModelMedicationRecordTreatmentLine.recorder","path":"BeModelMedicationRecordTreatmentLine.recorder","short":"Who created this treatment line","definition":"Who created this treatment line","min":1,"max":"1","type":[{"code":"Reference","targetProfile":["http://hl7.org/fhir/StructureDefinition/Practitioner","http://hl7.org/fhir/StructureDefinition/Organization"]}]},{"id":"BeModelMedicationRecordTreatmentLine.recordDate","path":"BeModelMedicationRecordTreatmentLine.recordDate","short":"Datetime that the treatment line was created or updated","definition":"Datetime that the treatment line was created or updated","min":1,"max":"1","type":[{"code":"dateTime"}]},{"id":"BeModelMedicationRecordTreatmentLine.startMedicationDate","path":"BeModelMedicationRecordTreatmentLine.startMedicationDate","short":"Start date of the medication","definition":"Start date of the medication","min":1,"max":"1","type":[{"code":"dateTime"}]},{"id":"BeModelMedicationRecordTreatmentLine.endMedicationDate","path":"BeModelMedicationRecordTreatmentLine.endMedicationDate","short":"End date, if exists, for stopping the medication","definition":"End date, if exists, for stopping the medication","min":0,"max":"1","type":[{"code":"dateTime"}]},{"id":"BeModelMedicationRecordTreatmentLine.originType","path":"BeModelMedicationRecordTreatmentLine.originType","short":"From what context this treatment line stems","definition":"From what context this treatment line stems, whether is ambulatory prescription, patient request, etc","min":1,"max":"1","type":[{"code":"CodeableConcept"}]},{"id":"BeModelMedicationRecordTreatmentLine.reaction","path":"BeModelMedicationRecordTreatmentLine.reaction","short":"Reaction to this treatment line","definition":"Reaction to this treatment line","min":0,"max":"*","type":[{"code":"CodeableConcept"}]},{"id":"BeModelMedicationRecordTreatmentLine.product[x]","path":"BeModelMedicationRecordTreatmentLine.product[x]","short":"Product for which the treatment line refers to","definition":"Product for which the treatment line refers to","min":1,"max":"1","type":[{"code":"CodeableConcept"},{"code":"Reference","targetProfile":["http://hl7.org/fhir/StructureDefinition/Medication"]}]},{"id":"BeModelMedicationRecordTreatmentLine.medicationType","path":"BeModelMedicationRecordTreatmentLine.medicationType","short":"What type of medication the product is: hospital, community, preparation, etc","definition":"What type of medication the product is: hospital, community, preparation, etc","min":0,"max":"*","type":[{"code":"CodeableConcept"}]},{"id":"BeModelMedicationRecordTreatmentLine.instructionForUse","path":"BeModelMedicationRecordTreatmentLine.instructionForUse","short":"Full representation of the dosage instructions","definition":"Full representation of the dosage instructions","min":0,"max":"*","type":[{"code":"string"}]},{"id":"BeModelMedicationRecordTreatmentLine.dosageAmount","path":"BeModelMedicationRecordTreatmentLine.dosageAmount","short":"Quantity to be consumed","definition":"Quantity to be consumed","min":0,"max":"1","type":[{"code":"CodeableConcept"}]},{"id":"BeModelMedicationRecordTreatmentLine.periodicity","path":"BeModelMedicationRecordTreatmentLine.periodicity","short":"Scheduling for the consumption","definition":"Scheduling for the consumption","min":0,"max":"1","type":[{"code":"CodeableConcept"}]},{"id":"BeModelMedicationRecordTreatmentLine.route","path":"BeModelMedicationRecordTreatmentLine.route","short":"Route through which the product should consumed","definition":"Route through which the product should consumed","min":1,"max":"1","type":[{"code":"CodeableConcept"}]},{"id":"BeModelMedicationRecordTreatmentLine.dayPeriod","path":"BeModelMedicationRecordTreatmentLine.dayPeriod","short":"Period of the day for consuming the product","definition":"Period of the day for consuming the product","min":0,"max":"*","type":[{"code":"CodeableConcept"}]},{"id":"BeModelMedicationRecordTreatmentLine.lifecycleStatus","path":"BeModelMedicationRecordTreatmentLine.lifecycleStatus","short":"Status of the treatment line","definition":"Status of the treatment line","min":1,"max":"1","type":[{"code":"CodeableConcept"}]},{"id":"BeModelMedicationRecordTreatmentLine.statusReason","path":"BeModelMedicationRecordTreatmentLine.statusReason","short":"Reason the status","definition":"Reason the status","min":0,"max":"*","type":[{"code":"CodeableConcept"}]},{"id":"BeModelMedicationRecordTreatmentLine.treatmentPlan","path":"BeModelMedicationRecordTreatmentLine.treatmentPlan","short":"Link to the 'parent' treatment - i.e the treatment that this order is derived from, or contriburing to","definition":"Link to the 'parent' treatment - i.e the treatment that this order is derived from, or contriburing to","min":0,"max":"1","type":[{"code":"Reference"}]},{"id":"BeModelMedicationRecordTreatmentLine.indication","path":"BeModelMedicationRecordTreatmentLine.indication","short":"Why the treatment exists","definition":"Why the treatment exists","min":0,"max":"*","type":[{"code":"CodeableConcept"}]}]}}