{"resourceType":"StructureDefinition","id":"BeModelMedicationRecordTreatment","text":{"status":"extensions","div":"<div xmlns=\"http://www.w3.org/1999/xhtml\"><table border=\"0\" cellpadding=\"0\" cellspacing=\"0\" style=\"border: 0px #F0F0F0 solid; font-size: 11px; font-family: verdana; vertical-align: top;\"><tr style=\"border: 1px #F0F0F0 solid; font-size: 11px; font-family: verdana; vertical-align: top\"><th style=\"vertical-align: top; text-align : left; background-color: white; border: 0px #F0F0F0 solid; padding:0px 4px 0px 4px\" class=\"hierarchy\"><a href=\"http://hl7.org/fhir/R4/formats.html#table\" title=\"The logical name of the element\">Name</a></th><th style=\"vertical-align: top; text-align : left; background-color: white; border: 0px #F0F0F0 solid; padding:0px 4px 0px 4px\" class=\"hierarchy\"><a href=\"http://hl7.org/fhir/R4/formats.html#table\" title=\"Information about the use of the element\">Flags</a></th><th style=\"vertical-align: top; text-align : left; background-color: white; border: 0px #F0F0F0 solid; padding:0px 4px 0px 4px\" class=\"hierarchy\"><a href=\"http://hl7.org/fhir/R4/formats.html#table\" title=\"Minimum and Maximum # of times the the element can appear in the instance\">Card.</a></th><th style=\"width: 100px\" class=\"hierarchy\"><a href=\"http://hl7.org/fhir/R4/formats.html#table\" title=\"Reference to the type of the element\">Type</a></th><th style=\"vertical-align: top; text-align : left; background-color: white; border: 0px #F0F0F0 solid; padding:0px 4px 0px 4px\" class=\"hierarchy\"><a href=\"http://hl7.org/fhir/R4/formats.html#table\" title=\"Additional information about the element\">Description &amp; Constraints</a><span style=\"float: right\"><a href=\"http://hl7.org/fhir/R4/formats.html#table\" title=\"Legend for this format\"><img src=\"http://hl7.org/fhir/R4/help16.png\" alt=\"doco\" style=\"background-color: inherit\"/></a></span></th></tr><tr style=\"border: 0px #F0F0F0 solid; padding:0px; vertical-align: top; background-color: white\"><td style=\"vertical-align: top; text-align : left; background-color: white; border: 0px #F0F0F0 solid; padding:0px 4px 0px 4px; white-space: nowrap; background-image: url(tbl_bck1.png)\" class=\"hierarchy\"><img src=\"tbl_spacer.png\" alt=\".\" style=\"background-color: inherit\" class=\"hierarchy\"/><img src=\"icon_element.gif\" alt=\".\" style=\"background-color: white; background-color: inherit\" title=\"Element\" class=\"hierarchy\"/> <a href=\"StructureDefinition-BeModelMedicationRecordTreatment-definitions.html#BeModelMedicationRecordTreatment\" title=\"A model for the Medication Treatment.\">BeModelMedicationRecordTreatment</a><a name=\"BeModelMedicationRecordTreatment\"> </a></td><td style=\"vertical-align: top; text-align : left; background-color: white; border: 0px #F0F0F0 solid; padding:0px 4px 0px 4px\" class=\"hierarchy\"/><td style=\"vertical-align: top; text-align : left; background-color: white; border: 0px #F0F0F0 solid; padding:0px 4px 0px 4px\" class=\"hierarchy\"><span style=\"opacity: 0.5\">0</span><span style=\"opacity: 0.5\">..</span><span style=\"opacity: 0.5\">*</span></td><td style=\"vertical-align: top; text-align : left; background-color: white; border: 0px #F0F0F0 solid; padding:0px 4px 0px 4px\" class=\"hierarchy\"/><td style=\"vertical-align: top; text-align : left; background-color: white; border: 0px #F0F0F0 solid; padding:0px 4px 0px 4px\" class=\"hierarchy\">Medication Record - Medication Treatment</td></tr>\r\n<tr style=\"border: 0px #F0F0F0 solid; padding:0px; vertical-align: top; background-color: #F7F7F7\"><td style=\"vertical-align: top; text-align : left; background-color: #F7F7F7; border: 0px #F0F0F0 solid; padding:0px 4px 0px 4px; white-space: nowrap; background-image: url(tbl_bck11.png)\" class=\"hierarchy\"><img src=\"tbl_spacer.png\" alt=\".\" style=\"background-color: inherit\" class=\"hierarchy\"/><img src=\"tbl_vjoin.png\" alt=\".\" style=\"background-color: inherit\" class=\"hierarchy\"/><img src=\"icon_datatype.gif\" alt=\".\" style=\"background-color: #F7F7F7; background-color: inherit\" title=\"Data Type\" class=\"hierarchy\"/> <a href=\"StructureDefinition-BeModelMedicationRecordTreatment-definitions.html#BeModelMedicationRecordTreatment.identifier\" title=\"The business identifier(s) for the medication treatment\">identifier</a><a name=\"BeModelMedicationRecordTreatment.identifier\"> </a></td><td style=\"vertical-align: top; text-align : left; background-color: #F7F7F7; border: 0px #F0F0F0 solid; padding:0px 4px 0px 4px\" class=\"hierarchy\"/><td style=\"vertical-align: top; text-align : left; background-color: #F7F7F7; border: 0px #F0F0F0 solid; padding:0px 4px 0px 4px\" class=\"hierarchy\">0..1</td><td style=\"vertical-align: top; text-align : left; background-color: #F7F7F7; border: 0px #F0F0F0 solid; padding:0px 4px 0px 4px\" class=\"hierarchy\"><a href=\"http://hl7.org/fhir/R4/datatypes.html#BackboneElement\">BackboneElement</a></td><td style=\"vertical-align: top; text-align : left; background-color: #F7F7F7; border: 0px #F0F0F0 solid; padding:0px 4px 0px 4px\" class=\"hierarchy\">The business identifier(s) for the medication treatment</td></tr>\r\n<tr style=\"border: 0px #F0F0F0 solid; padding:0px; vertical-align: top; background-color: white\"><td style=\"vertical-align: top; text-align : left; background-color: white; border: 0px #F0F0F0 solid; padding:0px 4px 0px 4px; white-space: nowrap; background-image: url(tbl_bck100.png)\" class=\"hierarchy\"><img src=\"tbl_spacer.png\" alt=\".\" style=\"background-color: inherit\" class=\"hierarchy\"/><img src=\"tbl_vline.png\" alt=\".\" style=\"background-color: inherit\" class=\"hierarchy\"/><img src=\"tbl_vjoin_end.png\" alt=\".\" style=\"background-color: inherit\" class=\"hierarchy\"/><img src=\"icon_datatype.gif\" alt=\".\" style=\"background-color: white; background-color: inherit\" title=\"Data Type\" class=\"hierarchy\"/> <a href=\"StructureDefinition-BeModelMedicationRecordTreatment-definitions.html#BeModelMedicationRecordTreatment.identifier.treatmentGuid\" title=\"The Global Unique identifier(s) for the medication treatment\">treatmentGuid</a><a name=\"BeModelMedicationRecordTreatment.identifier.treatmentGuid\"> </a></td><td style=\"vertical-align: top; text-align : left; background-color: white; border: 0px #F0F0F0 solid; padding:0px 4px 0px 4px\" class=\"hierarchy\"/><td style=\"vertical-align: top; text-align : left; background-color: white; border: 0px #F0F0F0 solid; padding:0px 4px 0px 4px\" class=\"hierarchy\">0..1</td><td style=\"vertical-align: top; text-align : left; background-color: white; border: 0px #F0F0F0 solid; padding:0px 4px 0px 4px\" class=\"hierarchy\"><a href=\"http://hl7.org/fhir/R4/datatypes.html#Identifier\">Identifier</a></td><td style=\"vertical-align: top; text-align : left; background-color: white; border: 0px #F0F0F0 solid; padding:0px 4px 0px 4px\" class=\"hierarchy\">The Global Unique identifier(s) for the medication treatment</td></tr>\r\n<tr style=\"border: 0px #F0F0F0 solid; padding:0px; vertical-align: top; background-color: #F7F7F7\"><td style=\"vertical-align: top; text-align : left; background-color: #F7F7F7; border: 0px #F0F0F0 solid; padding:0px 4px 0px 4px; white-space: nowrap; background-image: url(tbl_bck10.png)\" class=\"hierarchy\"><img src=\"tbl_spacer.png\" alt=\".\" style=\"background-color: inherit\" class=\"hierarchy\"/><img src=\"tbl_vjoin.png\" alt=\".\" style=\"background-color: inherit\" class=\"hierarchy\"/><img src=\"icon_reference.png\" alt=\".\" style=\"background-color: #F7F7F7; background-color: inherit\" title=\"Reference to another Resource\" class=\"hierarchy\"/> <a href=\"StructureDefinition-BeModelMedicationRecordTreatment-definitions.html#BeModelMedicationRecordTreatment.subject\" title=\"The subject of the medication treatment\">subject</a><a name=\"BeModelMedicationRecordTreatment.subject\"> </a></td><td style=\"vertical-align: top; text-align : left; background-color: #F7F7F7; border: 0px #F0F0F0 solid; padding:0px 4px 0px 4px\" class=\"hierarchy\"/><td style=\"vertical-align: top; text-align : left; background-color: #F7F7F7; border: 0px #F0F0F0 solid; padding:0px 4px 0px 4px\" class=\"hierarchy\">1..1</td><td style=\"vertical-align: top; text-align : left; background-color: #F7F7F7; border: 0px #F0F0F0 solid; padding:0px 4px 0px 4px\" class=\"hierarchy\"><a href=\"http://hl7.org/fhir/R4/references.html\">Reference</a>(<a href=\"http://hl7.org/fhir/R4/patient.html\">Patient</a>)</td><td style=\"vertical-align: top; text-align : left; background-color: #F7F7F7; border: 0px #F0F0F0 solid; padding:0px 4px 0px 4px\" class=\"hierarchy\">The subject of the medication treatment</td></tr>\r\n<tr style=\"border: 0px #F0F0F0 solid; padding:0px; vertical-align: top; background-color: white\"><td style=\"vertical-align: top; text-align : left; background-color: white; border: 0px #F0F0F0 solid; padding:0px 4px 0px 4px; white-space: nowrap; background-image: url(tbl_bck10.png)\" class=\"hierarchy\"><img src=\"tbl_spacer.png\" alt=\".\" style=\"background-color: inherit\" class=\"hierarchy\"/><img src=\"tbl_vjoin.png\" alt=\".\" style=\"background-color: inherit\" class=\"hierarchy\"/><img src=\"icon_primitive.png\" alt=\".\" style=\"background-color: white; background-color: inherit\" title=\"Primitive Data Type\" class=\"hierarchy\"/> <a href=\"StructureDefinition-BeModelMedicationRecordTreatment-definitions.html#BeModelMedicationRecordTreatment.status\" title=\"Status of the medication treatment\">status</a><a name=\"BeModelMedicationRecordTreatment.status\"> </a></td><td style=\"vertical-align: top; text-align : left; background-color: white; border: 0px #F0F0F0 solid; padding:0px 4px 0px 4px\" class=\"hierarchy\"/><td style=\"vertical-align: top; text-align : left; background-color: white; border: 0px #F0F0F0 solid; padding:0px 4px 0px 4px\" class=\"hierarchy\">1..1</td><td style=\"vertical-align: top; text-align : left; background-color: white; border: 0px #F0F0F0 solid; padding:0px 4px 0px 4px\" class=\"hierarchy\"><a href=\"http://hl7.org/fhir/R4/datatypes.html#code\">code</a></td><td style=\"vertical-align: top; text-align : left; background-color: white; border: 0px #F0F0F0 solid; padding:0px 4px 0px 4px\" class=\"hierarchy\">Status of the medication treatment</td></tr>\r\n<tr style=\"border: 0px #F0F0F0 solid; padding:0px; vertical-align: top; background-color: #F7F7F7\"><td style=\"vertical-align: top; text-align : left; background-color: #F7F7F7; border: 0px #F0F0F0 solid; padding:0px 4px 0px 4px; white-space: nowrap; background-image: url(tbl_bck10.png)\" class=\"hierarchy\"><img src=\"tbl_spacer.png\" alt=\".\" style=\"background-color: inherit\" class=\"hierarchy\"/><img src=\"tbl_vjoin.png\" alt=\".\" style=\"background-color: inherit\" class=\"hierarchy\"/><img src=\"icon_datatype.gif\" alt=\".\" style=\"background-color: #F7F7F7; background-color: inherit\" title=\"Data Type\" class=\"hierarchy\"/> <a href=\"StructureDefinition-BeModelMedicationRecordTreatment-definitions.html#BeModelMedicationRecordTreatment.category\" title=\"Category(ies) of the medication treatment\">category</a><a name=\"BeModelMedicationRecordTreatment.category\"> </a></td><td style=\"vertical-align: top; text-align : left; background-color: #F7F7F7; border: 0px #F0F0F0 solid; padding:0px 4px 0px 4px\" class=\"hierarchy\"/><td style=\"vertical-align: top; text-align : left; background-color: #F7F7F7; border: 0px #F0F0F0 solid; padding:0px 4px 0px 4px\" class=\"hierarchy\">0..*</td><td style=\"vertical-align: top; text-align : left; background-color: #F7F7F7; border: 0px #F0F0F0 solid; padding:0px 4px 0px 4px\" class=\"hierarchy\"><a href=\"http://hl7.org/fhir/R4/datatypes.html#CodeableConcept\">CodeableConcept</a></td><td style=\"vertical-align: top; text-align : left; background-color: #F7F7F7; border: 0px #F0F0F0 solid; padding:0px 4px 0px 4px\" class=\"hierarchy\">Category(ies) of the medication treatment<br/></td></tr>\r\n<tr style=\"border: 0px #F0F0F0 solid; padding:0px; vertical-align: top; background-color: white\"><td style=\"vertical-align: top; text-align : left; background-color: white; border: 0px #F0F0F0 solid; padding:0px 4px 0px 4px; white-space: nowrap; background-image: url(tbl_bck10.png)\" class=\"hierarchy\"><img src=\"tbl_spacer.png\" alt=\".\" style=\"background-color: inherit\" class=\"hierarchy\"/><img src=\"tbl_vjoin.png\" alt=\".\" style=\"background-color: inherit\" class=\"hierarchy\"/><img src=\"icon_primitive.png\" alt=\".\" style=\"background-color: white; background-color: inherit\" title=\"Primitive Data Type\" class=\"hierarchy\"/> <a href=\"StructureDefinition-BeModelMedicationRecordTreatment-definitions.html#BeModelMedicationRecordTreatment.title\" title=\"Short title of the medication treatment\">title</a><a name=\"BeModelMedicationRecordTreatment.title\"> </a></td><td style=\"vertical-align: top; text-align : left; background-color: white; border: 0px #F0F0F0 solid; padding:0px 4px 0px 4px\" class=\"hierarchy\"/><td style=\"vertical-align: top; text-align : left; background-color: white; border: 0px #F0F0F0 solid; padding:0px 4px 0px 4px\" class=\"hierarchy\">0..1</td><td style=\"vertical-align: top; text-align : left; background-color: white; border: 0px #F0F0F0 solid; padding:0px 4px 0px 4px\" class=\"hierarchy\"><a href=\"http://hl7.org/fhir/R4/datatypes.html#string\">string</a></td><td style=\"vertical-align: top; text-align : left; background-color: white; border: 0px #F0F0F0 solid; padding:0px 4px 0px 4px\" class=\"hierarchy\">Short title of the medication treatment</td></tr>\r\n<tr style=\"border: 0px #F0F0F0 solid; padding:0px; vertical-align: top; background-color: #F7F7F7\"><td style=\"vertical-align: top; text-align : left; background-color: #F7F7F7; border: 0px #F0F0F0 solid; padding:0px 4px 0px 4px; white-space: nowrap; background-image: url(tbl_bck10.png)\" class=\"hierarchy\"><img src=\"tbl_spacer.png\" alt=\".\" style=\"background-color: inherit\" class=\"hierarchy\"/><img src=\"tbl_vjoin.png\" alt=\".\" style=\"background-color: inherit\" class=\"hierarchy\"/><img src=\"icon_primitive.png\" alt=\".\" style=\"background-color: #F7F7F7; background-color: inherit\" title=\"Primitive Data Type\" class=\"hierarchy\"/> <a href=\"StructureDefinition-BeModelMedicationRecordTreatment-definitions.html#BeModelMedicationRecordTreatment.description\" title=\"Textual description of the medication treatment\">description</a><a name=\"BeModelMedicationRecordTreatment.description\"> </a></td><td style=\"vertical-align: top; text-align : left; background-color: #F7F7F7; border: 0px #F0F0F0 solid; padding:0px 4px 0px 4px\" class=\"hierarchy\"/><td style=\"vertical-align: top; text-align : left; background-color: #F7F7F7; border: 0px #F0F0F0 solid; padding:0px 4px 0px 4px\" class=\"hierarchy\">0..1</td><td style=\"vertical-align: top; text-align : left; background-color: #F7F7F7; border: 0px #F0F0F0 solid; padding:0px 4px 0px 4px\" class=\"hierarchy\"><a href=\"http://hl7.org/fhir/R4/datatypes.html#string\">string</a></td><td style=\"vertical-align: top; text-align : left; background-color: #F7F7F7; border: 0px #F0F0F0 solid; padding:0px 4px 0px 4px\" class=\"hierarchy\">Textual description of the treatment</td></tr>\r\n<tr style=\"border: 0px #F0F0F0 solid; padding:0px; vertical-align: top; background-color: white\"><td style=\"vertical-align: top; text-align : left; background-color: white; border: 0px #F0F0F0 solid; padding:0px 4px 0px 4px; white-space: nowrap; background-image: url(tbl_bck10.png)\" class=\"hierarchy\"><img src=\"tbl_spacer.png\" alt=\".\" style=\"background-color: inherit\" class=\"hierarchy\"/><img src=\"tbl_vjoin.png\" alt=\".\" style=\"background-color: inherit\" class=\"hierarchy\"/><img src=\"icon_reference.png\" alt=\".\" style=\"background-color: white; background-color: inherit\" title=\"Reference to another Resource\" class=\"hierarchy\"/> <a href=\"StructureDefinition-BeModelMedicationRecordTreatment-definitions.html#BeModelMedicationRecordTreatment.encounter\" title=\"The encounter in which the medication treatment was created or updated\">encounter</a><a name=\"BeModelMedicationRecordTreatment.encounter\"> </a></td><td style=\"vertical-align: top; text-align : left; background-color: white; border: 0px #F0F0F0 solid; padding:0px 4px 0px 4px\" class=\"hierarchy\"/><td style=\"vertical-align: top; text-align : left; background-color: white; border: 0px #F0F0F0 solid; padding:0px 4px 0px 4px\" class=\"hierarchy\">0..1</td><td style=\"vertical-align: top; text-align : left; background-color: white; border: 0px #F0F0F0 solid; padding:0px 4px 0px 4px\" class=\"hierarchy\"><a href=\"http://hl7.org/fhir/R4/references.html\">Reference</a>(<a href=\"http://hl7.org/fhir/R4/encounter.html\">Encounter</a>)</td><td style=\"vertical-align: top; text-align : left; background-color: white; border: 0px #F0F0F0 solid; padding:0px 4px 0px 4px\" class=\"hierarchy\">The encounter in which the medication treatment was created or updated</td></tr>\r\n<tr style=\"border: 0px #F0F0F0 solid; padding:0px; vertical-align: top; background-color: #F7F7F7\"><td style=\"vertical-align: top; text-align : left; background-color: #F7F7F7; border: 0px #F0F0F0 solid; padding:0px 4px 0px 4px; white-space: nowrap; background-image: url(tbl_bck10.png)\" class=\"hierarchy\"><img src=\"tbl_spacer.png\" alt=\".\" style=\"background-color: inherit\" class=\"hierarchy\"/><img src=\"tbl_vjoin.png\" alt=\".\" style=\"background-color: inherit\" class=\"hierarchy\"/><img src=\"icon_datatype.gif\" alt=\".\" style=\"background-color: #F7F7F7; background-color: inherit\" title=\"Data Type\" class=\"hierarchy\"/> <a href=\"StructureDefinition-BeModelMedicationRecordTreatment-definitions.html#BeModelMedicationRecordTreatment.period\" title=\"The duration of the treatment\">period</a><a name=\"BeModelMedicationRecordTreatment.period\"> </a></td><td style=\"vertical-align: top; text-align : left; background-color: #F7F7F7; border: 0px #F0F0F0 solid; padding:0px 4px 0px 4px\" class=\"hierarchy\"/><td style=\"vertical-align: top; text-align : left; background-color: #F7F7F7; border: 0px #F0F0F0 solid; padding:0px 4px 0px 4px\" class=\"hierarchy\">0..1</td><td style=\"vertical-align: top; text-align : left; background-color: #F7F7F7; border: 0px #F0F0F0 solid; padding:0px 4px 0px 4px\" class=\"hierarchy\"><a href=\"http://hl7.org/fhir/R4/datatypes.html#Period\">Period</a></td><td style=\"vertical-align: top; text-align : left; background-color: #F7F7F7; border: 0px #F0F0F0 solid; padding:0px 4px 0px 4px\" class=\"hierarchy\">The duration of the treatment</td></tr>\r\n<tr style=\"border: 0px #F0F0F0 solid; padding:0px; vertical-align: top; background-color: white\"><td style=\"vertical-align: top; text-align : left; background-color: white; border: 0px #F0F0F0 solid; padding:0px 4px 0px 4px; white-space: nowrap; background-image: url(tbl_bck10.png)\" class=\"hierarchy\"><img src=\"tbl_spacer.png\" alt=\".\" style=\"background-color: inherit\" class=\"hierarchy\"/><img src=\"tbl_vjoin.png\" alt=\".\" style=\"background-color: inherit\" class=\"hierarchy\"/><img src=\"icon_primitive.png\" alt=\".\" style=\"background-color: white; background-color: inherit\" title=\"Primitive Data Type\" class=\"hierarchy\"/> <a href=\"StructureDefinition-BeModelMedicationRecordTreatment-definitions.html#BeModelMedicationRecordTreatment.created\" title=\"When the treatment record was created\">created</a><a name=\"BeModelMedicationRecordTreatment.created\"> </a></td><td style=\"vertical-align: top; text-align : left; background-color: white; border: 0px #F0F0F0 solid; padding:0px 4px 0px 4px\" class=\"hierarchy\"/><td style=\"vertical-align: top; text-align : left; background-color: white; border: 0px #F0F0F0 solid; padding:0px 4px 0px 4px\" class=\"hierarchy\">0..1</td><td style=\"vertical-align: top; text-align : left; background-color: white; border: 0px #F0F0F0 solid; padding:0px 4px 0px 4px\" class=\"hierarchy\"><a href=\"http://hl7.org/fhir/R4/datatypes.html#dateTime\">dateTime</a></td><td style=\"vertical-align: top; text-align : left; background-color: white; border: 0px #F0F0F0 solid; padding:0px 4px 0px 4px\" class=\"hierarchy\">When the treatment record was created</td></tr>\r\n<tr style=\"border: 0px #F0F0F0 solid; padding:0px; vertical-align: top; background-color: #F7F7F7\"><td style=\"vertical-align: top; text-align : left; background-color: #F7F7F7; border: 0px #F0F0F0 solid; padding:0px 4px 0px 4px; white-space: nowrap; background-image: url(tbl_bck10.png)\" class=\"hierarchy\"><img src=\"tbl_spacer.png\" alt=\".\" style=\"background-color: inherit\" class=\"hierarchy\"/><img src=\"tbl_vjoin.png\" alt=\".\" style=\"background-color: inherit\" class=\"hierarchy\"/><img src=\"icon_reference.png\" alt=\".\" style=\"background-color: #F7F7F7; background-color: inherit\" title=\"Reference to another Resource\" class=\"hierarchy\"/> <a href=\"StructureDefinition-BeModelMedicationRecordTreatment-definitions.html#BeModelMedicationRecordTreatment.author\" title=\"The current author/responsible for the medication treatment plan\">author</a><a name=\"BeModelMedicationRecordTreatment.author\"> </a></td><td style=\"vertical-align: top; text-align : left; background-color: #F7F7F7; border: 0px #F0F0F0 solid; padding:0px 4px 0px 4px\" class=\"hierarchy\"/><td style=\"vertical-align: top; text-align : left; background-color: #F7F7F7; border: 0px #F0F0F0 solid; padding:0px 4px 0px 4px\" class=\"hierarchy\">0..1</td><td style=\"vertical-align: top; text-align : left; background-color: #F7F7F7; border: 0px #F0F0F0 solid; padding:0px 4px 0px 4px\" class=\"hierarchy\"><a href=\"http://hl7.org/fhir/R4/references.html\">Reference</a>(<a href=\"http://hl7.org/fhir/R4/patient.html\">Patient</a> | <a href=\"http://hl7.org/fhir/R4/practitioner.html\">Practitioner</a> | <a href=\"http://hl7.org/fhir/R4/practitionerrole.html\">PractitionerRole</a> | <a href=\"http://hl7.org/fhir/R4/device.html\">Device</a> | <a href=\"http://hl7.org/fhir/R4/relatedperson.html\">RelatedPerson</a> | <a href=\"http://hl7.org/fhir/R4/organization.html\">Organization</a> | <a href=\"http://hl7.org/fhir/R4/careteam.html\">CareTeam</a>)</td><td style=\"vertical-align: top; text-align : left; background-color: #F7F7F7; border: 0px #F0F0F0 solid; padding:0px 4px 0px 4px\" class=\"hierarchy\">The current author/responsible for the medication treatment plan</td></tr>\r\n<tr style=\"border: 0px #F0F0F0 solid; padding:0px; vertical-align: top; background-color: white\"><td style=\"vertical-align: top; text-align : left; background-color: white; border: 0px #F0F0F0 solid; padding:0px 4px 0px 4px; white-space: nowrap; background-image: url(tbl_bck00.png)\" class=\"hierarchy\"><img src=\"tbl_spacer.png\" alt=\".\" style=\"background-color: inherit\" class=\"hierarchy\"/><img src=\"tbl_vjoin_end.png\" alt=\".\" style=\"background-color: inherit\" class=\"hierarchy\"/><img src=\"icon_datatype.gif\" alt=\".\" style=\"background-color: white; background-color: inherit\" title=\"Data Type\" class=\"hierarchy\"/> <a href=\"StructureDefinition-BeModelMedicationRecordTreatment-definitions.html#BeModelMedicationRecordTreatment.note\" title=\"Comments about the plan\">note</a><a name=\"BeModelMedicationRecordTreatment.note\"> </a></td><td style=\"vertical-align: top; text-align : left; background-color: white; border: 0px #F0F0F0 solid; padding:0px 4px 0px 4px\" class=\"hierarchy\"/><td style=\"vertical-align: top; text-align : left; background-color: white; border: 0px #F0F0F0 solid; padding:0px 4px 0px 4px\" class=\"hierarchy\">0..*</td><td style=\"vertical-align: top; text-align : left; background-color: white; border: 0px #F0F0F0 solid; padding:0px 4px 0px 4px\" class=\"hierarchy\"><a href=\"http://hl7.org/fhir/R4/datatypes.html#Annotation\">Annotation</a></td><td style=\"vertical-align: top; text-align : left; background-color: white; border: 0px #F0F0F0 solid; padding:0px 4px 0px 4px\" class=\"hierarchy\">Comments about the plan<br/></td></tr>\r\n<tr><td colspan=\"5\" class=\"hierarchy\"><br/><a href=\"http://hl7.org/fhir/R4/formats.html#table\" title=\"Legend for this format\"><img src=\"http://hl7.org/fhir/R4/help16.png\" alt=\"doco\" style=\"background-color: inherit\"/> Documentation for this format</a></td></tr></table></div>"},"url":"http://hl7belgium.org/fhir/riziv-medicationrecord/StructureDefinition/BeModelMedicationRecordTreatment","version":"0.1.0-test","name":"BeModelMedicationRecordTreatment","title":"Medication Record - Medication Treatment","status":"active","date":"2022-05-27T16:28:46+00:00","publisher":"HL7 Belgium","contact":[{"telecom":[{"system":"url","value":"http://hl7belgium.org"}]}],"description":"A model for the Medication Treatment.","jurisdiction":[{"coding":[{"system":"urn:iso:std:iso:3166","code":"BE"}]}],"fhirVersion":"4.0.1","mapping":[{"identity":"rim","uri":"http://hl7.org/v3","name":"RIM Mapping"}],"kind":"logical","abstract":false,"type":"http://hl7belgium.org/fhir/riziv-medicationrecord/StructureDefinition/BeModelMedicationRecordTreatment","baseDefinition":"http://hl7.org/fhir/StructureDefinition/Base","derivation":"specialization","snapshot":{"element":[{"id":"BeModelMedicationRecordTreatment","path":"BeModelMedicationRecordTreatment","short":"Medication Record - Medication Treatment","definition":"A model for the Medication Treatment.","min":0,"max":"*","base":{"path":"Base","min":0,"max":"*"},"isModifier":false},{"id":"BeModelMedicationRecordTreatment.identifier","path":"BeModelMedicationRecordTreatment.identifier","short":"The business identifier(s) for the medication treatment","definition":"The business identifier(s) for the medication treatment","min":0,"max":"1","base":{"path":"BeModelMedicationRecordTreatment.identifier","min":0,"max":"1"},"type":[{"code":"BackboneElement"}]},{"id":"BeModelMedicationRecordTreatment.identifier.treatmentGuid","path":"BeModelMedicationRecordTreatment.identifier.treatmentGuid","short":"The Global Unique identifier(s) for the medication treatment","definition":"The Global Unique identifier(s) for the medication treatment","min":0,"max":"1","base":{"path":"BeModelMedicationRecordTreatment.identifier.treatmentGuid","min":0,"max":"1"},"type":[{"code":"Identifier"}]},{"id":"BeModelMedicationRecordTreatment.subject","path":"BeModelMedicationRecordTreatment.subject","short":"The subject of the medication treatment","definition":"The subject of the medication treatment","min":1,"max":"1","base":{"path":"BeModelMedicationRecordTreatment.subject","min":1,"max":"1"},"type":[{"code":"Reference","targetProfile":["http://hl7.org/fhir/StructureDefinition/Patient"]}]},{"id":"BeModelMedicationRecordTreatment.status","path":"BeModelMedicationRecordTreatment.status","short":"Status of the medication treatment","definition":"Status of the medication treatment","min":1,"max":"1","base":{"path":"BeModelMedicationRecordTreatment.status","min":1,"max":"1"},"type":[{"code":"code"}]},{"id":"BeModelMedicationRecordTreatment.category","path":"BeModelMedicationRecordTreatment.category","short":"Category(ies) of the medication treatment","definition":"Category(ies) of the medication treatment","min":0,"max":"*","base":{"path":"BeModelMedicationRecordTreatment.category","min":0,"max":"*"},"type":[{"code":"CodeableConcept"}]},{"id":"BeModelMedicationRecordTreatment.title","path":"BeModelMedicationRecordTreatment.title","short":"Short title of the medication treatment","definition":"Short title of the medication treatment","min":0,"max":"1","base":{"path":"BeModelMedicationRecordTreatment.title","min":0,"max":"1"},"type":[{"code":"string"}]},{"id":"BeModelMedicationRecordTreatment.description","path":"BeModelMedicationRecordTreatment.description","short":"Textual description of the treatment","definition":"Textual description of the medication treatment","min":0,"max":"1","base":{"path":"BeModelMedicationRecordTreatment.description","min":0,"max":"1"},"type":[{"code":"string"}]},{"id":"BeModelMedicationRecordTreatment.encounter","path":"BeModelMedicationRecordTreatment.encounter","short":"The encounter in which the medication treatment was created or updated","definition":"The encounter in which the medication treatment was created or updated","min":0,"max":"1","base":{"path":"BeModelMedicationRecordTreatment.encounter","min":0,"max":"1"},"type":[{"code":"Reference","targetProfile":["http://hl7.org/fhir/StructureDefinition/Encounter"]}]},{"id":"BeModelMedicationRecordTreatment.period","path":"BeModelMedicationRecordTreatment.period","short":"The duration of the treatment","definition":"The duration of the treatment","min":0,"max":"1","base":{"path":"BeModelMedicationRecordTreatment.period","min":0,"max":"1"},"type":[{"code":"Period"}]},{"id":"BeModelMedicationRecordTreatment.created","path":"BeModelMedicationRecordTreatment.created","short":"When the treatment record was created","definition":"When the treatment record was created","min":0,"max":"1","base":{"path":"BeModelMedicationRecordTreatment.created","min":0,"max":"1"},"type":[{"code":"dateTime"}]},{"id":"BeModelMedicationRecordTreatment.author","path":"BeModelMedicationRecordTreatment.author","short":"The current author/responsible for the medication treatment plan","definition":"The current author/responsible for the medication treatment plan","min":0,"max":"1","base":{"path":"BeModelMedicationRecordTreatment.author","min":0,"max":"1"},"type":[{"code":"Reference","targetProfile":["http://hl7.org/fhir/StructureDefinition/Patient","http://hl7.org/fhir/StructureDefinition/Practitioner","http://hl7.org/fhir/StructureDefinition/PractitionerRole","http://hl7.org/fhir/StructureDefinition/Device","http://hl7.org/fhir/StructureDefinition/RelatedPerson","http://hl7.org/fhir/StructureDefinition/Organization","http://hl7.org/fhir/StructureDefinition/CareTeam"]}]},{"id":"BeModelMedicationRecordTreatment.note","path":"BeModelMedicationRecordTreatment.note","short":"Comments about the plan","definition":"Comments about the plan","min":0,"max":"*","base":{"path":"BeModelMedicationRecordTreatment.note","min":0,"max":"*"},"type":[{"code":"Annotation"}]}]},"differential":{"element":[{"id":"BeModelMedicationRecordTreatment","path":"BeModelMedicationRecordTreatment","short":"Medication Record - Medication Treatment","definition":"A model for the Medication Treatment."},{"id":"BeModelMedicationRecordTreatment.identifier","path":"BeModelMedicationRecordTreatment.identifier","short":"The business identifier(s) for the medication treatment","definition":"The business identifier(s) for the medication treatment","min":0,"max":"1","type":[{"code":"BackboneElement"}]},{"id":"BeModelMedicationRecordTreatment.identifier.treatmentGuid","path":"BeModelMedicationRecordTreatment.identifier.treatmentGuid","short":"The Global Unique identifier(s) for the medication treatment","definition":"The Global Unique identifier(s) for the medication treatment","min":0,"max":"1","type":[{"code":"Identifier"}]},{"id":"BeModelMedicationRecordTreatment.subject","path":"BeModelMedicationRecordTreatment.subject","short":"The subject of the medication treatment","definition":"The subject of the medication treatment","min":1,"max":"1","type":[{"code":"Reference","targetProfile":["http://hl7.org/fhir/StructureDefinition/Patient"]}]},{"id":"BeModelMedicationRecordTreatment.status","path":"BeModelMedicationRecordTreatment.status","short":"Status of the medication treatment","definition":"Status of the medication treatment","min":1,"max":"1","type":[{"code":"code"}]},{"id":"BeModelMedicationRecordTreatment.category","path":"BeModelMedicationRecordTreatment.category","short":"Category(ies) of the medication treatment","definition":"Category(ies) of the medication treatment","min":0,"max":"*","type":[{"code":"CodeableConcept"}]},{"id":"BeModelMedicationRecordTreatment.title","path":"BeModelMedicationRecordTreatment.title","short":"Short title of the medication treatment","definition":"Short title of the medication treatment","min":0,"max":"1","type":[{"code":"string"}]},{"id":"BeModelMedicationRecordTreatment.description","path":"BeModelMedicationRecordTreatment.description","short":"Textual description of the treatment","definition":"Textual description of the medication treatment","min":0,"max":"1","type":[{"code":"string"}]},{"id":"BeModelMedicationRecordTreatment.encounter","path":"BeModelMedicationRecordTreatment.encounter","short":"The encounter in which the medication treatment was created or updated","definition":"The encounter in which the medication treatment was created or updated","min":0,"max":"1","type":[{"code":"Reference","targetProfile":["http://hl7.org/fhir/StructureDefinition/Encounter"]}]},{"id":"BeModelMedicationRecordTreatment.period","path":"BeModelMedicationRecordTreatment.period","short":"The duration of the treatment","definition":"The duration of the treatment","min":0,"max":"1","type":[{"code":"Period"}]},{"id":"BeModelMedicationRecordTreatment.created","path":"BeModelMedicationRecordTreatment.created","short":"When the treatment record was created","definition":"When the treatment record was created","min":0,"max":"1","type":[{"code":"dateTime"}]},{"id":"BeModelMedicationRecordTreatment.author","path":"BeModelMedicationRecordTreatment.author","short":"The current author/responsible for the medication treatment plan","definition":"The current author/responsible for the medication treatment plan","min":0,"max":"1","type":[{"code":"Reference","targetProfile":["http://hl7.org/fhir/StructureDefinition/Patient","http://hl7.org/fhir/StructureDefinition/Practitioner","http://hl7.org/fhir/StructureDefinition/PractitionerRole","http://hl7.org/fhir/StructureDefinition/Device","http://hl7.org/fhir/StructureDefinition/RelatedPerson","http://hl7.org/fhir/StructureDefinition/Organization","http://hl7.org/fhir/StructureDefinition/CareTeam"]}]},{"id":"BeModelMedicationRecordTreatment.note","path":"BeModelMedicationRecordTreatment.note","short":"Comments about the plan","definition":"Comments about the plan","min":0,"max":"*","type":[{"code":"Annotation"}]}]}}