{
  "resourceType": "ImplementationGuide",
  "id": "hl7.fhir.be.riziv-medicationrecord",
  "text": {
    "status": "extensions",
    "div": "<div xmlns=\"http://www.w3.org/1999/xhtml\"><h2>MedicationRecord</h2><p>The official URL for this implementation guide is: </p><pre>http://hl7belgium.org/fhir/riziv-medicationrecord/ImplementationGuide/hl7.fhir.be.riziv-medicationrecord</pre><div><p>Medication Record</p>\n</div></div>"
  },
  "url": "http://hl7belgium.org/fhir/riziv-medicationrecord/ImplementationGuide/hl7.fhir.be.riziv-medicationrecord",
  "version": "0.1.0-test",
  "name": "MedicationRecord",
  "title": "MedicationRecord",
  "status": "draft",
  "experimental": false,
  "date": "2022-05-27T16:28:46+00:00",
  "publisher": "HL7 Belgium",
  "contact": [
    {
      "telecom": [
        {
          "system": "url",
          "value": "http://hl7belgium.org"
        }
      ]
    }
  ],
  "description": "Medication Record",
  "jurisdiction": [
    {
      "coding": [
        {
          "system": "urn:iso:std:iso:3166",
          "code": "BE"
        }
      ]
    }
  ],
  "packageId": "hl7.fhir.be.riziv-medicationrecord",
  "license": "CC0-1.0",
  "fhirVersion": [
    "4.0.1"
  ],
  "dependsOn": [
    {
      "id": "hl7tx",
      "uri": "http://terminology.hl7.org/ImplementationGuide/hl7.terminology",
      "packageId": "hl7.terminology.r4",
      "version": "3.1.0"
    },
    {
      "id": "fhir",
      "uri": "https://www.ehealth.fgov.be/standards/fhir",
      "packageId": "ehealthplatform.be.r4.federalprofiles",
      "version": "dev"
    }
  ],
  "definition": {
    "extension": [
      {
        "extension": [
          {
            "url": "code",
            "valueString": "copyrightyear"
          },
          {
            "url": "value",
            "valueString": "2019+"
          }
        ],
        "url": "http://hl7.org/fhir/tools/StructureDefinition/ig-parameter"
      },
      {
        "extension": [
          {
            "url": "code",
            "valueString": "releaselabel"
          },
          {
            "url": "value",
            "valueString": "CI Build"
          }
        ],
        "url": "http://hl7.org/fhir/tools/StructureDefinition/ig-parameter"
      },
      {
        "extension": [
          {
            "url": "code",
            "valueString": "path-binary"
          },
          {
            "url": "value",
            "valueString": "input\\cql"
          }
        ],
        "url": "http://hl7.org/fhir/tools/StructureDefinition/ig-parameter"
      },
      {
        "extension": [
          {
            "url": "code",
            "valueString": "excludettl"
          },
          {
            "url": "value",
            "valueString": "true"
          }
        ],
        "url": "http://hl7.org/fhir/tools/StructureDefinition/ig-parameter"
      },
      {
        "extension": [
          {
            "url": "code",
            "valueString": "show-inherited-invariants"
          },
          {
            "url": "value",
            "valueString": "false"
          }
        ],
        "url": "http://hl7.org/fhir/tools/StructureDefinition/ig-parameter"
      },
      {
        "extension": [
          {
            "url": "code",
            "valueString": "autoload-resources"
          },
          {
            "url": "value",
            "valueString": "true"
          }
        ],
        "url": "http://hl7.org/fhir/tools/StructureDefinition/ig-parameter"
      },
      {
        "extension": [
          {
            "url": "code",
            "valueString": "path-liquid"
          },
          {
            "url": "value",
            "valueString": "template/liquid"
          }
        ],
        "url": "http://hl7.org/fhir/tools/StructureDefinition/ig-parameter"
      },
      {
        "extension": [
          {
            "url": "code",
            "valueString": "path-liquid"
          },
          {
            "url": "value",
            "valueString": "input/liquid"
          }
        ],
        "url": "http://hl7.org/fhir/tools/StructureDefinition/ig-parameter"
      },
      {
        "extension": [
          {
            "url": "code",
            "valueString": "path-qa"
          },
          {
            "url": "value",
            "valueString": "temp/qa"
          }
        ],
        "url": "http://hl7.org/fhir/tools/StructureDefinition/ig-parameter"
      },
      {
        "extension": [
          {
            "url": "code",
            "valueString": "path-temp"
          },
          {
            "url": "value",
            "valueString": "temp/pages"
          }
        ],
        "url": "http://hl7.org/fhir/tools/StructureDefinition/ig-parameter"
      },
      {
        "extension": [
          {
            "url": "code",
            "valueString": "path-output"
          },
          {
            "url": "value",
            "valueString": "output"
          }
        ],
        "url": "http://hl7.org/fhir/tools/StructureDefinition/ig-parameter"
      },
      {
        "extension": [
          {
            "url": "code",
            "valueString": "path-suppressed-warnings"
          },
          {
            "url": "value",
            "valueString": "input/ignoreWarnings.txt"
          }
        ],
        "url": "http://hl7.org/fhir/tools/StructureDefinition/ig-parameter"
      },
      {
        "extension": [
          {
            "url": "code",
            "valueString": "path-history"
          },
          {
            "url": "value",
            "valueString": "http://hl7belgium.org/fhir/riziv-medicationrecord/history.html"
          }
        ],
        "url": "http://hl7.org/fhir/tools/StructureDefinition/ig-parameter"
      },
      {
        "extension": [
          {
            "url": "code",
            "valueString": "template-html"
          },
          {
            "url": "value",
            "valueString": "template-page.html"
          }
        ],
        "url": "http://hl7.org/fhir/tools/StructureDefinition/ig-parameter"
      },
      {
        "extension": [
          {
            "url": "code",
            "valueString": "template-md"
          },
          {
            "url": "value",
            "valueString": "template-page-md.html"
          }
        ],
        "url": "http://hl7.org/fhir/tools/StructureDefinition/ig-parameter"
      },
      {
        "extension": [
          {
            "url": "code",
            "valueString": "apply-contact"
          },
          {
            "url": "value",
            "valueString": "true"
          }
        ],
        "url": "http://hl7.org/fhir/tools/StructureDefinition/ig-parameter"
      },
      {
        "extension": [
          {
            "url": "code",
            "valueString": "apply-context"
          },
          {
            "url": "value",
            "valueString": "true"
          }
        ],
        "url": "http://hl7.org/fhir/tools/StructureDefinition/ig-parameter"
      },
      {
        "extension": [
          {
            "url": "code",
            "valueString": "apply-copyright"
          },
          {
            "url": "value",
            "valueString": "true"
          }
        ],
        "url": "http://hl7.org/fhir/tools/StructureDefinition/ig-parameter"
      },
      {
        "extension": [
          {
            "url": "code",
            "valueString": "apply-jurisdiction"
          },
          {
            "url": "value",
            "valueString": "true"
          }
        ],
        "url": "http://hl7.org/fhir/tools/StructureDefinition/ig-parameter"
      },
      {
        "extension": [
          {
            "url": "code",
            "valueString": "apply-license"
          },
          {
            "url": "value",
            "valueString": "true"
          }
        ],
        "url": "http://hl7.org/fhir/tools/StructureDefinition/ig-parameter"
      },
      {
        "extension": [
          {
            "url": "code",
            "valueString": "apply-publisher"
          },
          {
            "url": "value",
            "valueString": "true"
          }
        ],
        "url": "http://hl7.org/fhir/tools/StructureDefinition/ig-parameter"
      },
      {
        "extension": [
          {
            "url": "code",
            "valueString": "apply-version"
          },
          {
            "url": "value",
            "valueString": "true"
          }
        ],
        "url": "http://hl7.org/fhir/tools/StructureDefinition/ig-parameter"
      },
      {
        "extension": [
          {
            "url": "code",
            "valueString": "active-tables"
          },
          {
            "url": "value",
            "valueString": "true"
          }
        ],
        "url": "http://hl7.org/fhir/tools/StructureDefinition/ig-parameter"
      },
      {
        "extension": [
          {
            "url": "code",
            "valueString": "fmm-definition"
          },
          {
            "url": "value",
            "valueString": "http://hl7.org/fhir/versions.html#maturity"
          }
        ],
        "url": "http://hl7.org/fhir/tools/StructureDefinition/ig-parameter"
      },
      {
        "extension": [
          {
            "url": "code",
            "valueString": "propagate-status"
          },
          {
            "url": "value",
            "valueString": "true"
          }
        ],
        "url": "http://hl7.org/fhir/tools/StructureDefinition/ig-parameter"
      },
      {
        "extension": [
          {
            "url": "code",
            "valueString": "excludelogbinaryformat"
          },
          {
            "url": "value",
            "valueString": "true"
          }
        ],
        "url": "http://hl7.org/fhir/tools/StructureDefinition/ig-parameter"
      }
    ],
    "grouping": [
      {
        "id": "medicationrecord-schema",
        "name": "Medication Record - schema",
        "description": "Conformance artifacts for Medication Record, to meet the scope of the Medication Schema"
      },
      {
        "id": "medicationrecord-models",
        "name": "Medication Record - models",
        "description": "Medication Record Models"
      },
      {
        "id": "medicationrecord",
        "name": "Medication Record - future conformance",
        "description": "Medication Record - artifacts that are related to the more advanced features and scope of the Medication Record, beyond the Medication Schema"
      },
      {
        "id": "medicationrecord-validatingexamples",
        "name": "Medication Record - Validating examples",
        "description": "Medication Record / Medication Schema examples and scenarios for validation"
      },
      {
        "id": "vocabulary",
        "name": "Vocabulary",
        "description": "Terminology and Vocabulary"
      },
      {
        "id": "medicationdispense",
        "name": "Medication Dispense",
        "description": "Medication Dispense"
      },
      {
        "id": "supporting",
        "name": "Supporting Resources",
        "description": "Supporting resources used in the examples"
      }
    ],
    "resource": [
      {
        "extension": [
          {
            "url": "http://hl7.org/fhir/tools/StructureDefinition/resource-information",
            "valueString": "NamingSystem"
          }
        ],
        "reference": {
          "reference": "NamingSystem/be-ns-nihdi-organization"
        },
        "fhirVersion": [
          "4.0.1"
        ],
        "name": "NamingSystem - NIHDI Organization",
        "description": "NIHDI identifier for care organizations",
        "groupingId": "terminology"
      },
      {
        "extension": [
          {
            "url": "http://hl7.org/fhir/tools/StructureDefinition/resource-information",
            "valueString": "NamingSystem"
          }
        ],
        "reference": {
          "reference": "NamingSystem/be-ns-nihdi-professional"
        },
        "fhirVersion": [
          "4.0.1"
        ],
        "name": "NamingSystem - NIHDI Professional",
        "description": "NIHDI identifier for care professionals",
        "groupingId": "terminology"
      },
      {
        "extension": [
          {
            "url": "http://hl7.org/fhir/tools/StructureDefinition/resource-information",
            "valueString": "ValueSet"
          }
        ],
        "reference": {
          "reference": "ValueSet/medication-substitution-dispense-v1"
        },
        "fhirVersion": [
          "4.0.1"
        ],
        "name": "Value Set - Medication Substitution",
        "description": "Value Set - Medication Substitution",
        "groupingId": "terminology"
      },
      {
        "extension": [
          {
            "url": "http://hl7.org/fhir/tools/StructureDefinition/resource-information",
            "valueString": "ValueSet"
          }
        ],
        "reference": {
          "reference": "ValueSet/be-vs-medication-summary-types"
        },
        "fhirVersion": [
          "4.0.1"
        ],
        "name": "Value Set - Medication Summary Types",
        "description": "Value Set - Medication Summary Types",
        "groupingId": "terminology"
      },
      {
        "extension": [
          {
            "url": "http://hl7.org/fhir/tools/StructureDefinition/resource-information",
            "valueString": "CodeSystem"
          }
        ],
        "reference": {
          "reference": "CodeSystem/be-cs-medication-summary-types"
        },
        "fhirVersion": [
          "4.0.1"
        ],
        "name": "VCodeSystem - Medication Summary Types",
        "description": "CodeSystem - Medication Summary Types",
        "groupingId": "terminology"
      },
      {
        "extension": [
          {
            "url": "http://hl7.org/fhir/tools/StructureDefinition/resource-information",
            "valueString": "NamingSystem"
          }
        ],
        "reference": {
          "reference": "NamingSystem/be-ns-prescription-ids"
        },
        "fhirVersion": [
          "4.0.1"
        ],
        "name": "Naming System - Prescription Ids",
        "description": "Naming System - Prescription Ids",
        "groupingId": "terminology"
      },
      {
        "extension": [
          {
            "url": "http://hl7.org/fhir/tools/StructureDefinition/resource-information",
            "valueString": "NamingSystem"
          }
        ],
        "reference": {
          "reference": "NamingSystem/be-ns-cnk-codes"
        },
        "fhirVersion": [
          "4.0.1"
        ],
        "name": "Naming System - be-ns-cnk-codes",
        "description": "Naming System - be-ns-cnk-codes",
        "groupingId": "terminology"
      },
      {
        "extension": [
          {
            "url": "http://hl7.org/fhir/tools/StructureDefinition/resource-information",
            "valueString": "NamingSystem"
          }
        ],
        "reference": {
          "reference": "NamingSystem/be-ns-product-package-type"
        },
        "fhirVersion": [
          "4.0.1"
        ],
        "name": "Naming System - be-ns-product-package-type",
        "description": "Naming System - be-ns-product-package-type",
        "groupingId": "terminology"
      },
      {
        "extension": [
          {
            "url": "http://hl7.org/fhir/tools/StructureDefinition/resource-information",
            "valueString": "StructureDefinition:logical"
          }
        ],
        "reference": {
          "reference": "StructureDefinition/be-model-medication-dispense"
        },
        "fhirVersion": [
          "4.0.1"
        ],
        "name": "Logical Model be-model-medication-dispense",
        "description": "be-model-medication-dispense",
        "groupingId": "medicationrecord-models"
      },
      {
        "extension": [
          {
            "url": "http://hl7.org/fhir/tools/StructureDefinition/resource-information",
            "valueString": "StructureDefinition:logical"
          }
        ],
        "reference": {
          "reference": "StructureDefinition/KMEHRv58"
        },
        "fhirVersion": [
          "4.0.1"
        ],
        "name": "KMEHR Medication Schema v5.8 Logical Model",
        "description": "KMEHR Medication Schema v5.8 Logical Model (for reference)",
        "groupingId": "medicationrecord-models"
      },
      {
        "extension": [
          {
            "url": "http://hl7.org/fhir/tools/StructureDefinition/resource-information",
            "valueString": "StructureDefinition:logical"
          }
        ],
        "reference": {
          "reference": "StructureDefinition/BeModelMedicationRecord"
        },
        "fhirVersion": [
          "4.0.1"
        ],
        "name": "Medication Record Logical Model",
        "description": "Medication Record Logical Model",
        "groupingId": "medicationrecord-models"
      },
      {
        "extension": [
          {
            "url": "http://hl7.org/fhir/tools/StructureDefinition/resource-information",
            "valueString": "StructureDefinition:logical"
          }
        ],
        "reference": {
          "reference": "StructureDefinition/BeModelMedicationRecordAdministration"
        },
        "fhirVersion": [
          "4.0.1"
        ],
        "name": "Medication Record Logical Model - Administration detail",
        "description": "Medication Record Logical Model - Administration detail Logical Model",
        "groupingId": "medicationrecord-models"
      },
      {
        "extension": [
          {
            "url": "http://hl7.org/fhir/tools/StructureDefinition/resource-information",
            "valueString": "StructureDefinition:logical"
          }
        ],
        "reference": {
          "reference": "StructureDefinition/BeModelMedicationRecordDispense"
        },
        "fhirVersion": [
          "4.0.1"
        ],
        "name": "Medication Record Logical Model - Dispense detail",
        "description": "Medication Record Logical Model - Dispense detail Logical Model",
        "groupingId": "medicationrecord-models"
      },
      {
        "extension": [
          {
            "url": "http://hl7.org/fhir/tools/StructureDefinition/resource-information",
            "valueString": "StructureDefinition:logical"
          }
        ],
        "reference": {
          "reference": "StructureDefinition/BeModelMedicationRecordOrder"
        },
        "fhirVersion": [
          "4.0.1"
        ],
        "name": "Medication Record Logical Model - Prescription detail",
        "description": "Medication Record Logical Model - Prescription detail Logical Model",
        "groupingId": "medicationrecord-models"
      },
      {
        "extension": [
          {
            "url": "http://hl7.org/fhir/tools/StructureDefinition/resource-information",
            "valueString": "StructureDefinition:logical"
          }
        ],
        "reference": {
          "reference": "StructureDefinition/BeModelMedicationRecordSummaryView"
        },
        "fhirVersion": [
          "4.0.1"
        ],
        "name": "Medication Record Logical Model - Medication Summary View detail",
        "description": "Medication Record Logical Model - Medication Summary View detail Logical Model",
        "groupingId": "medicationrecord-models"
      },
      {
        "extension": [
          {
            "url": "http://hl7.org/fhir/tools/StructureDefinition/resource-information",
            "valueString": "StructureDefinition:logical"
          }
        ],
        "reference": {
          "reference": "StructureDefinition/BeModelMedicationRecordTreatment"
        },
        "fhirVersion": [
          "4.0.1"
        ],
        "name": "Medication Record Logical Model - Medication Treatment detail",
        "description": "Medication Record Logical Model - Medication Treatment detail Logical Model",
        "groupingId": "medicationrecord-models"
      },
      {
        "extension": [
          {
            "url": "http://hl7.org/fhir/tools/StructureDefinition/resource-information",
            "valueString": "StructureDefinition:logical"
          }
        ],
        "reference": {
          "reference": "StructureDefinition/BeModelMedicationRecordTreatmentLine"
        },
        "fhirVersion": [
          "4.0.1"
        ],
        "name": "Medication Record Logical Model - Medication Treatment Line detail",
        "description": "Medication Record Logical Model - Medication Treatment Line detail Logical Model",
        "groupingId": "medicationrecord-models"
      },
      {
        "extension": [
          {
            "url": "http://hl7.org/fhir/tools/StructureDefinition/resource-information",
            "valueString": "StructureDefinition:logical"
          }
        ],
        "reference": {
          "reference": "StructureDefinition/BeModelMedicationRecordUsage"
        },
        "fhirVersion": [
          "4.0.1"
        ],
        "name": "Medication Record Logical Model - Usage Report detail",
        "description": "Medication Record Logical Model - Usage Report detail Logical Model",
        "groupingId": "medicationrecord-models"
      },
      {
        "extension": [
          {
            "url": "http://hl7.org/fhir/tools/StructureDefinition/resource-information",
            "valueString": "StructureDefinition:logical"
          }
        ],
        "reference": {
          "reference": "StructureDefinition/BeModelMedicationScheduledAdministration"
        },
        "fhirVersion": [
          "4.0.1"
        ],
        "name": "Medication Record Logical Model - Scheduled Administration detail",
        "description": "Medication Record Logical Model - Scheduled Administration detail Logical Model",
        "groupingId": "medicationrecord-models"
      },
      {
        "extension": [
          {
            "url": "http://hl7.org/fhir/tools/StructureDefinition/resource-information",
            "valueString": "StructureDefinition:logical"
          }
        ],
        "reference": {
          "reference": "StructureDefinition/BeModelMedicationView"
        },
        "fhirVersion": [
          "4.0.1"
        ],
        "name": "MedicationView - Global Model",
        "description": "Medication View Global Model",
        "groupingId": "medicationrecord-models"
      },
      {
        "extension": [
          {
            "url": "http://hl7.org/fhir/tools/StructureDefinition/resource-information",
            "valueString": "StructureDefinition:resource"
          }
        ],
        "reference": {
          "reference": "StructureDefinition/MedRecord"
        },
        "fhirVersion": [
          "4.0.1"
        ],
        "name": "Medication Record Bundle Document profile",
        "description": "Medication Record Bundle Document profile",
        "groupingId": "medicationrecord-schema"
      },
      {
        "extension": [
          {
            "url": "http://hl7.org/fhir/tools/StructureDefinition/resource-information",
            "valueString": "StructureDefinition:resource"
          }
        ],
        "reference": {
          "reference": "StructureDefinition/MedRecord-comp"
        },
        "fhirVersion": [
          "4.0.1"
        ],
        "name": "Medication Record Composition profile",
        "description": "Medication Record Composition profile",
        "groupingId": "medicationrecord-schema"
      },
      {
        "extension": [
          {
            "url": "http://hl7.org/fhir/tools/StructureDefinition/resource-information",
            "valueString": "StructureDefinition:resource"
          }
        ],
        "reference": {
          "reference": "StructureDefinition/MedRecordTreatment"
        },
        "fhirVersion": [
          "4.0.1"
        ],
        "name": "Medication Record Treatment profile",
        "description": "Medication Record Treatment profile",
        "groupingId": "medicationrecord-schema"
      },
      {
        "extension": [
          {
            "url": "http://hl7.org/fhir/tools/StructureDefinition/resource-information",
            "valueString": "StructureDefinition:resource"
          }
        ],
        "reference": {
          "reference": "StructureDefinition/MedRecordTreatmentLine"
        },
        "fhirVersion": [
          "4.0.1"
        ],
        "name": "Medication Record Treatment Line profile",
        "description": "Medication Record Treatment Line profile",
        "groupingId": "medicationrecord-schema"
      },
      {
        "extension": [
          {
            "url": "http://hl7.org/fhir/tools/StructureDefinition/resource-information",
            "valueString": "StructureDefinition:resource"
          }
        ],
        "reference": {
          "reference": "StructureDefinition/MedRecordAdministration"
        },
        "fhirVersion": [
          "4.0.1"
        ],
        "name": "Medication Record Administration profile",
        "description": "Medication Record Administration profile",
        "groupingId": "medicationrecord"
      },
      {
        "extension": [
          {
            "url": "http://hl7.org/fhir/tools/StructureDefinition/resource-information",
            "valueString": "StructureDefinition:resource"
          }
        ],
        "reference": {
          "reference": "StructureDefinition/MedRecordDispense"
        },
        "fhirVersion": [
          "4.0.1"
        ],
        "name": "Medication Record Dispense profile",
        "description": "Medication Record Dispense profile",
        "groupingId": "medicationrecord"
      },
      {
        "extension": [
          {
            "url": "http://hl7.org/fhir/tools/StructureDefinition/resource-information",
            "valueString": "StructureDefinition:resource"
          }
        ],
        "reference": {
          "reference": "StructureDefinition/MedRecordMedicationScheduledAdministration"
        },
        "fhirVersion": [
          "4.0.1"
        ],
        "name": "Medication Record Scheduled Administration profile",
        "description": "Medication Record Scheduled Administration profile",
        "groupingId": "medicationrecord"
      },
      {
        "extension": [
          {
            "url": "http://hl7.org/fhir/tools/StructureDefinition/resource-information",
            "valueString": "StructureDefinition:resource"
          }
        ],
        "reference": {
          "reference": "StructureDefinition/MedRecordMedicationSummaryView"
        },
        "fhirVersion": [
          "4.0.1"
        ],
        "name": "Medication Record Summary View profile",
        "description": "Medication Record Summary View profile",
        "groupingId": "medicationrecord"
      },
      {
        "extension": [
          {
            "url": "http://hl7.org/fhir/tools/StructureDefinition/resource-information",
            "valueString": "StructureDefinition:resource"
          }
        ],
        "reference": {
          "reference": "StructureDefinition/MedRecordOrder"
        },
        "fhirVersion": [
          "4.0.1"
        ],
        "name": "Medication Record Prescription profile",
        "description": "Medication Record Prescription profile",
        "groupingId": "medicationrecord"
      },
      {
        "extension": [
          {
            "url": "http://hl7.org/fhir/tools/StructureDefinition/resource-information",
            "valueString": "StructureDefinition:resource"
          }
        ],
        "reference": {
          "reference": "StructureDefinition/MedRecordUsage"
        },
        "fhirVersion": [
          "4.0.1"
        ],
        "name": "Medication Record Usage profile",
        "description": "Medication Record Usage profile",
        "groupingId": "medicationrecord"
      },
      {
        "extension": [
          {
            "url": "http://hl7.org/fhir/tools/StructureDefinition/resource-information",
            "valueString": "StructureDefinition:extension"
          }
        ],
        "reference": {
          "reference": "StructureDefinition/related-tl"
        },
        "fhirVersion": [
          "4.0.1"
        ],
        "name": "Extension - Related Treatment Line",
        "description": "Extension - Related Treatment Line",
        "groupingId": "medicationrecord"
      },
      {
        "extension": [
          {
            "url": "http://hl7.org/fhir/tools/StructureDefinition/resource-information",
            "valueString": "StructureDefinition:resource"
          }
        ],
        "reference": {
          "reference": "StructureDefinition/med-view-comp"
        },
        "fhirVersion": [
          "4.0.1"
        ],
        "name": "Medication view Profile",
        "description": "Medication view Profile",
        "groupingId": "medicationrecord"
      },
      {
        "extension": [
          {
            "url": "http://hl7.org/fhir/tools/StructureDefinition/resource-information",
            "valueString": "StructureDefinition:resource"
          }
        ],
        "reference": {
          "reference": "StructureDefinition/be-medicationdispense"
        },
        "fhirVersion": [
          "4.0.1"
        ],
        "name": "be Medicationdispense Profile",
        "description": "be Medicationdispense Profile",
        "groupingId": "medicationrecord"
      },
      {
        "extension": [
          {
            "url": "http://hl7.org/fhir/tools/StructureDefinition/resource-information",
            "valueString": "ExampleScenario"
          }
        ],
        "reference": {
          "reference": "ExampleScenario/example-1-scenario"
        },
        "fhirVersion": [
          "4.0.1"
        ],
        "name": "ExampleScenario 1 - Changing brand name in the same VOS",
        "description": "Prescribed branded medication is changed by another branded medication from the same VOS-cluster",
        "groupingId": "medicationrecord-validatingexamples"
      },
      {
        "extension": [
          {
            "url": "http://hl7.org/fhir/tools/StructureDefinition/resource-information",
            "valueString": "ExampleScenario"
          }
        ],
        "reference": {
          "reference": "ExampleScenario/example-2-scenario"
        },
        "fhirVersion": [
          "4.0.1"
        ],
        "name": "ExampleScenario 2 - Changing by another medication from a different VOS",
        "description": "Prescribed medication is changed by another medication from a different VOS-cluster",
        "groupingId": "medicationrecord-validatingexamples"
      },
      {
        "extension": [
          {
            "url": "http://hl7.org/fhir/tools/StructureDefinition/resource-information",
            "valueString": "ExampleScenario"
          }
        ],
        "reference": {
          "reference": "ExampleScenario/example-3-scenario"
        },
        "fhirVersion": [
          "4.0.1"
        ],
        "name": "ExampleScenario 3 - Dispense medication before the prescription is available",
        "description": "Dispense of a medication that is made before an existing prescription",
        "groupingId": "medicationrecord-validatingexamples"
      },
      {
        "extension": [
          {
            "url": "http://hl7.org/fhir/tools/StructureDefinition/resource-information",
            "valueString": "ExampleScenario"
          }
        ],
        "reference": {
          "reference": "ExampleScenario/example-4-scenario"
        },
        "fhirVersion": [
          "4.0.1"
        ],
        "name": "ExampleScenario 4 - Dispense of prescribed medication and of a product without a prescription",
        "description": "Dispense of two products. One that has a prescription and other that does not (and does not need one).",
        "groupingId": "medicationrecord-validatingexamples"
      },
      {
        "extension": [
          {
            "url": "http://hl7.org/fhir/tools/StructureDefinition/resource-information",
            "valueString": "ExampleScenario"
          }
        ],
        "reference": {
          "reference": "ExampleScenario/example-5-scenario"
        },
        "fhirVersion": [
          "4.0.1"
        ],
        "name": "ExampleScenario 5 - Dispense of new brand medication because the old is unavailable",
        "description": "Prescription that is made by brand name and the pharmacist changes the brand name for another brand name in the same VOS - Cluster because there is no stock.",
        "groupingId": "medicationrecord-validatingexamples"
      },
      {
        "extension": [
          {
            "url": "http://hl7.org/fhir/tools/StructureDefinition/resource-information",
            "valueString": "ExampleScenario"
          }
        ],
        "reference": {
          "reference": "ExampleScenario/example-6-scenario"
        },
        "fhirVersion": [
          "4.0.1"
        ],
        "name": "ExampleScenario 6 - Refusal to dispense the prescribed medication",
        "description": "Prescription that is made by VOS and the pharmacist refuses to dispense the medication due to interaction with previous medication.",
        "groupingId": "medicationrecord-validatingexamples"
      },
      {
        "extension": [
          {
            "url": "http://hl7.org/fhir/tools/StructureDefinition/resource-information",
            "valueString": "ExampleScenario"
          }
        ],
        "reference": {
          "reference": "ExampleScenario/example-7-scenario"
        },
        "fhirVersion": [
          "4.0.1"
        ],
        "name": "ExampleScenario 7 - Dispense of medication that was prescribed to take if needed, but was not taken",
        "description": "Prescription that is made by VOS and to take only if needed and the pharmacist dispenses it. Then it is reported that the medication was not taken at all.",
        "groupingId": "medicationrecord-validatingexamples"
      },
      {
        "extension": [
          {
            "url": "http://hl7.org/fhir/tools/StructureDefinition/resource-information",
            "valueString": "ExampleScenario"
          }
        ],
        "reference": {
          "reference": "ExampleScenario/example-8-scenario"
        },
        "fhirVersion": [
          "4.0.1"
        ],
        "name": "ExampleScenario 8 - Dispense of medication that was prescribed, but not taken till the end",
        "description": "Prescription that is made by VOS and the pharmacist dispenses it. But at the time of administration, the treatment is stopped due to a reaction.",
        "groupingId": "medicationrecord-validatingexamples"
      },
      {
        "extension": [
          {
            "url": "http://hl7.org/fhir/tools/StructureDefinition/resource-information",
            "valueString": "ExampleScenario"
          }
        ],
        "reference": {
          "reference": "ExampleScenario/example-13-scenario"
        },
        "fhirVersion": [
          "4.0.1"
        ],
        "name": "ExampleScenario 13 - Dispense of OTC medication for acute symptons",
        "description": "Dispense of medication OTC and how treatment resources should be handled",
        "groupingId": "medicationrecord-validatingexamples"
      },
      {
        "extension": [
          {
            "url": "http://hl7.org/fhir/tools/StructureDefinition/resource-information",
            "valueString": "StructureDefinition:resource"
          }
        ],
        "reference": {
          "reference": "StructureDefinition/BePatient"
        },
        "fhirVersion": [
          "4.0.1"
        ],
        "name": "Be Patient",
        "description": "Be Patient",
        "groupingId": "supporting"
      },
      {
        "extension": [
          {
            "url": "http://hl7.org/fhir/tools/StructureDefinition/resource-information",
            "valueString": "StructureDefinition:resource"
          }
        ],
        "reference": {
          "reference": "StructureDefinition/BePractitioner"
        },
        "fhirVersion": [
          "4.0.1"
        ],
        "name": "Be Practitioner",
        "description": "Be Practitioner",
        "groupingId": "supporting"
      },
      {
        "extension": [
          {
            "url": "http://hl7.org/fhir/tools/StructureDefinition/resource-information",
            "valueString": "StructureDefinition:resource"
          }
        ],
        "reference": {
          "reference": "StructureDefinition/BeOrganization"
        },
        "fhirVersion": [
          "4.0.1"
        ],
        "name": "Be Organization",
        "description": "Be Organization",
        "groupingId": "supporting"
      },
      {
        "extension": [
          {
            "url": "http://hl7.org/fhir/tools/StructureDefinition/resource-information",
            "valueString": "Condition"
          }
        ],
        "reference": {
          "reference": "Condition/hypertension-condition"
        },
        "fhirVersion": [
          "4.0.1"
        ],
        "name": "hypertension-condition",
        "description": "hypertension-condition",
        "groupingId": "supporting"
      },
      {
        "extension": [
          {
            "url": "http://hl7.org/fhir/tools/StructureDefinition/resource-information",
            "valueString": "Condition"
          }
        ],
        "reference": {
          "reference": "Condition/headache-condition"
        },
        "fhirVersion": [
          "4.0.1"
        ],
        "name": "headache-condition",
        "description": "headache-condition",
        "groupingId": "supporting"
      },
      {
        "extension": [
          {
            "url": "http://hl7.org/fhir/tools/StructureDefinition/resource-information",
            "valueString": "Condition"
          }
        ],
        "reference": {
          "reference": "Condition/arthritis-condition"
        },
        "fhirVersion": [
          "4.0.1"
        ],
        "name": "arthritis-condition",
        "description": "arthritis-condition",
        "groupingId": "supporting"
      },
      {
        "extension": [
          {
            "url": "http://hl7.org/fhir/tools/StructureDefinition/resource-information",
            "valueString": "Condition"
          }
        ],
        "reference": {
          "reference": "Condition/toothache-condition"
        },
        "fhirVersion": [
          "4.0.1"
        ],
        "name": "toothache-condition",
        "description": "toothache-condition",
        "groupingId": "supporting"
      },
      {
        "extension": [
          {
            "url": "http://hl7.org/fhir/tools/StructureDefinition/resource-information",
            "valueString": "Condition"
          }
        ],
        "reference": {
          "reference": "Condition/diarrhea-condition"
        },
        "fhirVersion": [
          "4.0.1"
        ],
        "name": "diarrhea-condition",
        "description": "diarrhea-condition",
        "groupingId": "supporting"
      },
      {
        "extension": [
          {
            "url": "http://hl7.org/fhir/tools/StructureDefinition/resource-information",
            "valueString": "Condition"
          }
        ],
        "reference": {
          "reference": "Condition/pharyngitis-condition"
        },
        "fhirVersion": [
          "4.0.1"
        ],
        "name": "pharyngitis-condition",
        "description": "pharyngitis-condition",
        "groupingId": "supporting"
      },
      {
        "extension": [
          {
            "url": "http://hl7.org/fhir/tools/StructureDefinition/resource-information",
            "valueString": "Condition"
          }
        ],
        "reference": {
          "reference": "Condition/reflux-condition"
        },
        "fhirVersion": [
          "4.0.1"
        ],
        "name": "reflux-condition",
        "description": "reflux-condition",
        "groupingId": "supporting"
      },
      {
        "extension": [
          {
            "url": "http://hl7.org/fhir/tools/StructureDefinition/resource-information",
            "valueString": "Condition"
          }
        ],
        "reference": {
          "reference": "Condition/hyperlipidemia-condition"
        },
        "fhirVersion": [
          "4.0.1"
        ],
        "name": "hyperlipidemia-condition",
        "description": "hyperlipidemia-condition",
        "groupingId": "supporting"
      },
      {
        "extension": [
          {
            "url": "http://hl7.org/fhir/tools/StructureDefinition/resource-information",
            "valueString": "MedicationDispense"
          }
        ],
        "reference": {
          "reference": "MedicationDispense/7-dispense"
        },
        "name": "Example MedicationDispense - 7-dispense",
        "exampleCanonical": "http://hl7belgium.org/fhir/riziv-medicationrecord/StructureDefinition/MedRecordDispense"
      },
      {
        "extension": [
          {
            "url": "http://hl7.org/fhir/tools/StructureDefinition/resource-information",
            "valueString": "MedicationDispense"
          }
        ],
        "reference": {
          "reference": "MedicationDispense/1-dispense"
        },
        "name": "Example MedicationDispense - 1-dispense",
        "exampleCanonical": "http://hl7belgium.org/fhir/riziv-medicationrecord/StructureDefinition/MedRecordDispense"
      },
      {
        "extension": [
          {
            "url": "http://hl7.org/fhir/tools/StructureDefinition/resource-information",
            "valueString": "MedicationDispense"
          }
        ],
        "reference": {
          "reference": "MedicationDispense/medication-dispense-example-2"
        }
      },
      {
        "extension": [
          {
            "url": "http://hl7.org/fhir/tools/StructureDefinition/resource-information",
            "valueString": "MedicationRequest"
          }
        ],
        "reference": {
          "reference": "MedicationRequest/15-scheduleAdministration-4"
        },
        "name": "Example MedicationRequest - 15-scheduleAdministration-4",
        "exampleCanonical": "http://hl7belgium.org/fhir/riziv-medicationrecord/StructureDefinition/MedRecordMedicationScheduledAdministration"
      },
      {
        "extension": [
          {
            "url": "http://hl7.org/fhir/tools/StructureDefinition/resource-information",
            "valueString": "MedicationDispense"
          }
        ],
        "reference": {
          "reference": "MedicationDispense/8-dispense"
        },
        "name": "Example MedicationDispense - 8-dispense",
        "exampleCanonical": "http://hl7belgium.org/fhir/riziv-medicationrecord/StructureDefinition/MedRecordDispense"
      },
      {
        "extension": [
          {
            "url": "http://hl7.org/fhir/tools/StructureDefinition/resource-information",
            "valueString": "MedicationRequest"
          }
        ],
        "reference": {
          "reference": "MedicationRequest/15-scheduleAdministration-3"
        },
        "name": "Example MedicationRequest - 15-scheduleAdministration-3",
        "exampleCanonical": "http://hl7belgium.org/fhir/riziv-medicationrecord/StructureDefinition/MedRecordMedicationScheduledAdministration"
      },
      {
        "extension": [
          {
            "url": "http://hl7.org/fhir/tools/StructureDefinition/resource-information",
            "valueString": "CarePlan"
          }
        ],
        "reference": {
          "reference": "CarePlan/2a-treatment"
        },
        "name": "Treatment for headache",
        "exampleCanonical": "http://hl7belgium.org/fhir/riziv-medicationrecord/StructureDefinition/MedRecordTreatment"
      },
      {
        "extension": [
          {
            "url": "http://hl7.org/fhir/tools/StructureDefinition/resource-information",
            "valueString": "MedicationStatement"
          }
        ],
        "reference": {
          "reference": "MedicationStatement/13-1-treatmentLine"
        },
        "name": "Example MedicationStatement - 13-1-treatmentLine",
        "exampleCanonical": "http://hl7belgium.org/fhir/riziv-medicationrecord/StructureDefinition/MedRecordTreatmentLine"
      },
      {
        "extension": [
          {
            "url": "http://hl7.org/fhir/tools/StructureDefinition/resource-information",
            "valueString": "Provenance"
          }
        ],
        "reference": {
          "reference": "Provenance/8-3-provenance"
        }
      },
      {
        "extension": [
          {
            "url": "http://hl7.org/fhir/tools/StructureDefinition/resource-information",
            "valueString": "CarePlan"
          }
        ],
        "reference": {
          "reference": "CarePlan/4-2-treatment"
        },
        "name": "Treatment for Toothache",
        "exampleCanonical": "http://hl7belgium.org/fhir/riziv-medicationrecord/StructureDefinition/MedRecordTreatment"
      },
      {
        "extension": [
          {
            "url": "http://hl7.org/fhir/tools/StructureDefinition/resource-information",
            "valueString": "Provenance"
          }
        ],
        "reference": {
          "reference": "Provenance/4-3-provenance"
        }
      },
      {
        "extension": [
          {
            "url": "http://hl7.org/fhir/tools/StructureDefinition/resource-information",
            "valueString": "Provenance"
          }
        ],
        "reference": {
          "reference": "Provenance/8-1-provenance"
        }
      },
      {
        "extension": [
          {
            "url": "http://hl7.org/fhir/tools/StructureDefinition/resource-information",
            "valueString": "MedicationStatement"
          }
        ],
        "reference": {
          "reference": "MedicationStatement/Dafalgan500mg1xmeal"
        }
      },
      {
        "extension": [
          {
            "url": "http://hl7.org/fhir/tools/StructureDefinition/resource-information",
            "valueString": "Provenance"
          }
        ],
        "reference": {
          "reference": "Provenance/13-2-provenance"
        }
      },
      {
        "extension": [
          {
            "url": "http://hl7.org/fhir/tools/StructureDefinition/resource-information",
            "valueString": "MedicationStatement"
          }
        ],
        "reference": {
          "reference": "MedicationStatement/3-treatmentLine"
        },
        "name": "Example MedicationStatement - 3-treatmentLine",
        "exampleCanonical": "http://hl7belgium.org/fhir/riziv-medicationrecord/StructureDefinition/MedRecordTreatmentLine"
      },
      {
        "extension": [
          {
            "url": "http://hl7.org/fhir/tools/StructureDefinition/resource-information",
            "valueString": "Provenance"
          }
        ],
        "reference": {
          "reference": "Provenance/8-2-provenance"
        }
      },
      {
        "extension": [
          {
            "url": "http://hl7.org/fhir/tools/StructureDefinition/resource-information",
            "valueString": "MedicationDispense"
          }
        ],
        "reference": {
          "reference": "MedicationDispense/example-dispense-communitypharmacy-1med"
        }
      },
      {
        "extension": [
          {
            "url": "http://hl7.org/fhir/tools/StructureDefinition/resource-information",
            "valueString": "MedicationRequest"
          }
        ],
        "reference": {
          "reference": "MedicationRequest/8-prescription"
        },
        "name": "Example MedicationRequest - 8-prescription",
        "exampleCanonical": "http://hl7belgium.org/fhir/riziv-medicationrecord/StructureDefinition/MedRecordOrder"
      },
      {
        "extension": [
          {
            "url": "http://hl7.org/fhir/tools/StructureDefinition/resource-information",
            "valueString": "MedicationRequest"
          }
        ],
        "reference": {
          "reference": "MedicationRequest/5-prescription"
        },
        "name": "Example MedicationRequest - 5-prescription",
        "exampleCanonical": "http://hl7belgium.org/fhir/riziv-medicationrecord/StructureDefinition/MedRecordOrder"
      },
      {
        "extension": [
          {
            "url": "http://hl7.org/fhir/tools/StructureDefinition/resource-information",
            "valueString": "CarePlan"
          }
        ],
        "reference": {
          "reference": "CarePlan/3-treatment"
        },
        "name": "Treatment for Arthritis",
        "exampleCanonical": "http://hl7belgium.org/fhir/riziv-medicationrecord/StructureDefinition/MedRecordTreatment"
      },
      {
        "extension": [
          {
            "url": "http://hl7.org/fhir/tools/StructureDefinition/resource-information",
            "valueString": "Provenance"
          }
        ],
        "reference": {
          "reference": "Provenance/5-provenance"
        }
      },
      {
        "extension": [
          {
            "url": "http://hl7.org/fhir/tools/StructureDefinition/resource-information",
            "valueString": "MedicationStatement"
          }
        ],
        "reference": {
          "reference": "MedicationStatement/1-treatmentLine"
        },
        "name": "Example MedicationStatement - 1-treatmentLine",
        "exampleCanonical": "http://hl7belgium.org/fhir/riziv-medicationrecord/StructureDefinition/MedRecordTreatmentLine"
      },
      {
        "extension": [
          {
            "url": "http://hl7.org/fhir/tools/StructureDefinition/resource-information",
            "valueString": "Provenance"
          }
        ],
        "reference": {
          "reference": "Provenance/4-1-provenance"
        }
      },
      {
        "extension": [
          {
            "url": "http://hl7.org/fhir/tools/StructureDefinition/resource-information",
            "valueString": "CarePlan"
          }
        ],
        "reference": {
          "reference": "CarePlan/13-treatment"
        },
        "name": "Headache",
        "exampleCanonical": "http://hl7belgium.org/fhir/riziv-medicationrecord/StructureDefinition/MedRecordTreatment"
      },
      {
        "extension": [
          {
            "url": "http://hl7.org/fhir/tools/StructureDefinition/resource-information",
            "valueString": "MedicationRequest"
          }
        ],
        "reference": {
          "reference": "MedicationRequest/15-scheduleAdministration"
        },
        "name": "Example MedicationRequest - 15-scheduleAdministration",
        "exampleCanonical": "http://hl7belgium.org/fhir/riziv-medicationrecord/StructureDefinition/MedRecordMedicationScheduledAdministration"
      },
      {
        "extension": [
          {
            "url": "http://hl7.org/fhir/tools/StructureDefinition/resource-information",
            "valueString": "CarePlan"
          }
        ],
        "reference": {
          "reference": "CarePlan/total-view"
        },
        "name": "Patient Total Medication",
        "description": "Overview of the patient's medication",
        "exampleCanonical": "http://hl7belgium.org/fhir/riziv-medicationrecord/StructureDefinition/MedRecordMedicationSummaryView"
      },
      {
        "extension": [
          {
            "url": "http://hl7.org/fhir/tools/StructureDefinition/resource-information",
            "valueString": "MedicationRequest"
          }
        ],
        "reference": {
          "reference": "MedicationRequest/1-scheduledadministration2"
        },
        "name": "Example MedicationRequest - 1-scheduledadministration2",
        "exampleCanonical": "http://hl7belgium.org/fhir/riziv-medicationrecord/StructureDefinition/MedRecordMedicationScheduledAdministration"
      },
      {
        "extension": [
          {
            "url": "http://hl7.org/fhir/tools/StructureDefinition/resource-information",
            "valueString": "MedicationDispense"
          }
        ],
        "reference": {
          "reference": "MedicationDispense/4-1-dispense"
        },
        "name": "Example MedicationDispense - 4-1-dispense",
        "exampleCanonical": "http://hl7belgium.org/fhir/riziv-medicationrecord/StructureDefinition/MedRecordDispense"
      },
      {
        "extension": [
          {
            "url": "http://hl7.org/fhir/tools/StructureDefinition/resource-information",
            "valueString": "MedicationStatement"
          }
        ],
        "reference": {
          "reference": "MedicationStatement/8-usage"
        },
        "name": "Example MedicationStatement - 8-usage",
        "exampleCanonical": "http://hl7belgium.org/fhir/riziv-medicationrecord/StructureDefinition/MedRecordUsage"
      },
      {
        "extension": [
          {
            "url": "http://hl7.org/fhir/tools/StructureDefinition/resource-information",
            "valueString": "CarePlan"
          }
        ],
        "reference": {
          "reference": "CarePlan/5-treatment"
        },
        "name": "Treatment for headache",
        "exampleCanonical": "http://hl7belgium.org/fhir/riziv-medicationrecord/StructureDefinition/MedRecordTreatment"
      },
      {
        "extension": [
          {
            "url": "http://hl7.org/fhir/tools/StructureDefinition/resource-information",
            "valueString": "MedicationRequest"
          }
        ],
        "reference": {
          "reference": "MedicationRequest/6-prescription"
        },
        "name": "Example MedicationRequest - 6-prescription",
        "exampleCanonical": "http://hl7belgium.org/fhir/riziv-medicationrecord/StructureDefinition/MedRecordOrder"
      },
      {
        "extension": [
          {
            "url": "http://hl7.org/fhir/tools/StructureDefinition/resource-information",
            "valueString": "MedicationStatement"
          }
        ],
        "reference": {
          "reference": "MedicationStatement/6-treatmentLine"
        },
        "name": "Example MedicationStatement - 6-treatmentLine",
        "exampleCanonical": "http://hl7belgium.org/fhir/riziv-medicationrecord/StructureDefinition/MedRecordTreatmentLine"
      },
      {
        "extension": [
          {
            "url": "http://hl7.org/fhir/tools/StructureDefinition/resource-information",
            "valueString": "MedicationRequest"
          }
        ],
        "reference": {
          "reference": "MedicationRequest/1-scheduledadministration1"
        },
        "name": "Example MedicationRequest - 1-scheduledadministration1",
        "exampleCanonical": "http://hl7belgium.org/fhir/riziv-medicationrecord/StructureDefinition/MedRecordMedicationScheduledAdministration"
      },
      {
        "extension": [
          {
            "url": "http://hl7.org/fhir/tools/StructureDefinition/resource-information",
            "valueString": "CarePlan"
          }
        ],
        "reference": {
          "reference": "CarePlan/1-treatment"
        },
        "name": "Treatment for Hypertension",
        "exampleCanonical": "http://hl7belgium.org/fhir/riziv-medicationrecord/StructureDefinition/MedRecordTreatment"
      },
      {
        "extension": [
          {
            "url": "http://hl7.org/fhir/tools/StructureDefinition/resource-information",
            "valueString": "Provenance"
          }
        ],
        "reference": {
          "reference": "Provenance/3-3-provenance"
        }
      },
      {
        "extension": [
          {
            "url": "http://hl7.org/fhir/tools/StructureDefinition/resource-information",
            "valueString": "ValueSet"
          }
        ],
        "reference": {
          "reference": "ValueSet/be-vs-dispenser-types"
        },
        "name": "Dispenser Types",
        "description": "Dispenser Types - from hcparty"
      },
      {
        "extension": [
          {
            "url": "http://hl7.org/fhir/tools/StructureDefinition/resource-information",
            "valueString": "MedicationStatement"
          }
        ],
        "reference": {
          "reference": "MedicationStatement/Co-Bisoprolol25-625mg1xACMd"
        }
      },
      {
        "extension": [
          {
            "url": "http://hl7.org/fhir/tools/StructureDefinition/resource-information",
            "valueString": "MedicationRequest"
          }
        ],
        "reference": {
          "reference": "MedicationRequest/15-prescription"
        },
        "name": "Example MedicationRequest - 15-prescription",
        "exampleCanonical": "http://hl7belgium.org/fhir/riziv-medicationrecord/StructureDefinition/MedRecordOrder"
      },
      {
        "extension": [
          {
            "url": "http://hl7.org/fhir/tools/StructureDefinition/resource-information",
            "valueString": "CarePlan"
          }
        ],
        "reference": {
          "reference": "CarePlan/4-1-treatment"
        },
        "name": "Treatment for Hyperlipidemia",
        "exampleCanonical": "http://hl7belgium.org/fhir/riziv-medicationrecord/StructureDefinition/MedRecordTreatment"
      },
      {
        "extension": [
          {
            "url": "http://hl7.org/fhir/tools/StructureDefinition/resource-information",
            "valueString": "MedicationDispense"
          }
        ],
        "reference": {
          "reference": "MedicationDispense/10-1-dispense"
        },
        "name": "Example MedicationDispense - 10-1-dispense",
        "exampleCanonical": "http://hl7belgium.org/fhir/riziv-medicationrecord/StructureDefinition/MedRecordDispense"
      },
      {
        "extension": [
          {
            "url": "http://hl7.org/fhir/tools/StructureDefinition/resource-information",
            "valueString": "MedicationStatement"
          }
        ],
        "reference": {
          "reference": "MedicationStatement/Asaflow500mg1xACMd"
        }
      },
      {
        "extension": [
          {
            "url": "http://hl7.org/fhir/tools/StructureDefinition/resource-information",
            "valueString": "MedicationRequest"
          }
        ],
        "reference": {
          "reference": "MedicationRequest/15-scheduleAdministration-2"
        },
        "name": "Example MedicationRequest - 15-scheduleAdministration-2",
        "exampleCanonical": "http://hl7belgium.org/fhir/riziv-medicationrecord/StructureDefinition/MedRecordMedicationScheduledAdministration"
      },
      {
        "extension": [
          {
            "url": "http://hl7.org/fhir/tools/StructureDefinition/resource-information",
            "valueString": "MedicationDispense"
          }
        ],
        "reference": {
          "reference": "MedicationDispense/13-3-dispense"
        },
        "name": "Example MedicationDispense - 13-3-dispense",
        "exampleCanonical": "http://hl7belgium.org/fhir/riziv-medicationrecord/StructureDefinition/MedRecordDispense"
      },
      {
        "extension": [
          {
            "url": "http://hl7.org/fhir/tools/StructureDefinition/resource-information",
            "valueString": "Provenance"
          }
        ],
        "reference": {
          "reference": "Provenance/3-4-provenance"
        }
      },
      {
        "extension": [
          {
            "url": "http://hl7.org/fhir/tools/StructureDefinition/resource-information",
            "valueString": "Provenance"
          }
        ],
        "reference": {
          "reference": "Provenance/7-1-provenance"
        }
      },
      {
        "extension": [
          {
            "url": "http://hl7.org/fhir/tools/StructureDefinition/resource-information",
            "valueString": "MedicationDispense"
          }
        ],
        "reference": {
          "reference": "MedicationDispense/example-dispense-hospital"
        }
      },
      {
        "extension": [
          {
            "url": "http://hl7.org/fhir/tools/StructureDefinition/resource-information",
            "valueString": "Provenance"
          }
        ],
        "reference": {
          "reference": "Provenance/6-2-provenance"
        }
      },
      {
        "extension": [
          {
            "url": "http://hl7.org/fhir/tools/StructureDefinition/resource-information",
            "valueString": "MedicationStatement"
          }
        ],
        "reference": {
          "reference": "MedicationStatement/2a-treatmentLine"
        },
        "name": "Example MedicationStatement - 2a-treatmentLine",
        "exampleCanonical": "http://hl7belgium.org/fhir/riziv-medicationrecord/StructureDefinition/MedRecordTreatmentLine"
      },
      {
        "extension": [
          {
            "url": "http://hl7.org/fhir/tools/StructureDefinition/resource-information",
            "valueString": "CarePlan"
          }
        ],
        "reference": {
          "reference": "CarePlan/8-treatment"
        },
        "name": "Treament of pharyngitis",
        "exampleCanonical": "http://hl7belgium.org/fhir/riziv-medicationrecord/StructureDefinition/MedRecordTreatment"
      },
      {
        "extension": [
          {
            "url": "http://hl7.org/fhir/tools/StructureDefinition/resource-information",
            "valueString": "MedicationStatement"
          }
        ],
        "reference": {
          "reference": "MedicationStatement/5-treatmentLine"
        },
        "name": "Example MedicationStatement - 5-treatmentLine",
        "exampleCanonical": "http://hl7belgium.org/fhir/riziv-medicationrecord/StructureDefinition/MedRecordTreatmentLine"
      },
      {
        "extension": [
          {
            "url": "http://hl7.org/fhir/tools/StructureDefinition/resource-information",
            "valueString": "MedicationStatement"
          }
        ],
        "reference": {
          "reference": "MedicationStatement/4-1-treatmentLine"
        },
        "name": "Example MedicationStatement - 4-1-treatmentLine",
        "exampleCanonical": "http://hl7belgium.org/fhir/riziv-medicationrecord/StructureDefinition/MedRecordTreatmentLine"
      },
      {
        "extension": [
          {
            "url": "http://hl7.org/fhir/tools/StructureDefinition/resource-information",
            "valueString": "MedicationDispense"
          }
        ],
        "reference": {
          "reference": "MedicationDispense/13-2-dispense"
        },
        "name": "Example MedicationDispense - 13-2-dispense",
        "exampleCanonical": "http://hl7belgium.org/fhir/riziv-medicationrecord/StructureDefinition/MedRecordDispense"
      },
      {
        "extension": [
          {
            "url": "http://hl7.org/fhir/tools/StructureDefinition/resource-information",
            "valueString": "MedicationRequest"
          }
        ],
        "reference": {
          "reference": "MedicationRequest/4-prescription"
        },
        "name": "Example MedicationRequest - 4-prescription",
        "exampleCanonical": "http://hl7belgium.org/fhir/riziv-medicationrecord/StructureDefinition/MedRecordOrder"
      },
      {
        "extension": [
          {
            "url": "http://hl7.org/fhir/tools/StructureDefinition/resource-information",
            "valueString": "Provenance"
          }
        ],
        "reference": {
          "reference": "Provenance/2-1-provenance"
        }
      },
      {
        "extension": [
          {
            "url": "http://hl7.org/fhir/tools/StructureDefinition/resource-information",
            "valueString": "MedicationRequest"
          }
        ],
        "reference": {
          "reference": "MedicationRequest/2a-prescription"
        },
        "name": "Example MedicationRequest - 2a-prescription",
        "exampleCanonical": "http://hl7belgium.org/fhir/riziv-medicationrecord/StructureDefinition/MedRecordOrder"
      },
      {
        "extension": [
          {
            "url": "http://hl7.org/fhir/tools/StructureDefinition/resource-information",
            "valueString": "Provenance"
          }
        ],
        "reference": {
          "reference": "Provenance/1-2-provenance"
        }
      },
      {
        "extension": [
          {
            "url": "http://hl7.org/fhir/tools/StructureDefinition/resource-information",
            "valueString": "MedicationStatement"
          }
        ],
        "reference": {
          "reference": "MedicationStatement/Dafalgan500mgmix"
        }
      },
      {
        "extension": [
          {
            "url": "http://hl7.org/fhir/tools/StructureDefinition/resource-information",
            "valueString": "MedicationStatement"
          }
        ],
        "reference": {
          "reference": "MedicationStatement/7-treatmentLine"
        },
        "name": "Example MedicationStatement - 7-treatmentLine",
        "exampleCanonical": "http://hl7belgium.org/fhir/riziv-medicationrecord/StructureDefinition/MedRecordTreatmentLine"
      },
      {
        "extension": [
          {
            "url": "http://hl7.org/fhir/tools/StructureDefinition/resource-information",
            "valueString": "MedicationDispense"
          }
        ],
        "reference": {
          "reference": "MedicationDispense/2a-dispense"
        },
        "name": "Example MedicationDispense - 2a-dispense",
        "exampleCanonical": "http://hl7belgium.org/fhir/riziv-medicationrecord/StructureDefinition/MedRecordDispense"
      },
      {
        "extension": [
          {
            "url": "http://hl7.org/fhir/tools/StructureDefinition/resource-information",
            "valueString": "MedicationStatement"
          }
        ],
        "reference": {
          "reference": "MedicationStatement/15-treatmentLine-2"
        },
        "name": "Example MedicationStatement - 15-treatmentLine-2",
        "exampleCanonical": "http://hl7belgium.org/fhir/riziv-medicationrecord/StructureDefinition/MedRecordTreatmentLine"
      },
      {
        "extension": [
          {
            "url": "http://hl7.org/fhir/tools/StructureDefinition/resource-information",
            "valueString": "Composition"
          }
        ],
        "reference": {
          "reference": "Composition/1-scheduled-view"
        },
        "name": "Scheduled View for Patient X",
        "exampleCanonical": "http://hl7belgium.org/fhir/riziv-medicationrecord/StructureDefinition/sche-view-comp"
      },
      {
        "extension": [
          {
            "url": "http://hl7.org/fhir/tools/StructureDefinition/resource-information",
            "valueString": "MedicationRequest"
          }
        ],
        "reference": {
          "reference": "MedicationRequest/3-prescription"
        },
        "name": "Example MedicationRequest - 3-prescription",
        "exampleCanonical": "http://hl7belgium.org/fhir/riziv-medicationrecord/StructureDefinition/MedRecordOrder"
      },
      {
        "extension": [
          {
            "url": "http://hl7.org/fhir/tools/StructureDefinition/resource-information",
            "valueString": "CarePlan"
          }
        ],
        "reference": {
          "reference": "CarePlan/6-treatment"
        },
        "name": "Treatment for Hyperlipidemia",
        "exampleCanonical": "http://hl7belgium.org/fhir/riziv-medicationrecord/StructureDefinition/MedRecordTreatment"
      },
      {
        "extension": [
          {
            "url": "http://hl7.org/fhir/tools/StructureDefinition/resource-information",
            "valueString": "MedicationDispense"
          }
        ],
        "reference": {
          "reference": "MedicationDispense/13-1-dispense"
        },
        "name": "Example MedicationDispense - 13-1-dispense",
        "exampleCanonical": "http://hl7belgium.org/fhir/riziv-medicationrecord/StructureDefinition/MedRecordDispense"
      },
      {
        "extension": [
          {
            "url": "http://hl7.org/fhir/tools/StructureDefinition/resource-information",
            "valueString": "MedicationDispense"
          }
        ],
        "reference": {
          "reference": "MedicationDispense/3-2-dispense"
        },
        "name": "Example MedicationDispense - 3-2-dispense",
        "exampleCanonical": "http://hl7belgium.org/fhir/riziv-medicationrecord/StructureDefinition/MedRecordDispense"
      },
      {
        "extension": [
          {
            "url": "http://hl7.org/fhir/tools/StructureDefinition/resource-information",
            "valueString": "Provenance"
          }
        ],
        "reference": {
          "reference": "Provenance/3-2-provenance"
        }
      },
      {
        "extension": [
          {
            "url": "http://hl7.org/fhir/tools/StructureDefinition/resource-information",
            "valueString": "Provenance"
          }
        ],
        "reference": {
          "reference": "Provenance/2-2-provenance"
        }
      },
      {
        "extension": [
          {
            "url": "http://hl7.org/fhir/tools/StructureDefinition/resource-information",
            "valueString": "Provenance"
          }
        ],
        "reference": {
          "reference": "Provenance/13-1-provenance"
        }
      },
      {
        "extension": [
          {
            "url": "http://hl7.org/fhir/tools/StructureDefinition/resource-information",
            "valueString": "MedicationDispense"
          }
        ],
        "reference": {
          "reference": "MedicationDispense/10-2-dispense"
        },
        "name": "Example MedicationDispense - 10-2-dispense",
        "exampleCanonical": "http://hl7belgium.org/fhir/riziv-medicationrecord/StructureDefinition/MedRecordDispense"
      },
      {
        "extension": [
          {
            "url": "http://hl7.org/fhir/tools/StructureDefinition/resource-information",
            "valueString": "MedicationStatement"
          }
        ],
        "reference": {
          "reference": "MedicationStatement/4-2-treatmentLine"
        },
        "name": "Example MedicationStatement - 4-2-treatmentLine",
        "exampleCanonical": "http://hl7belgium.org/fhir/riziv-medicationrecord/StructureDefinition/MedRecordTreatmentLine"
      },
      {
        "extension": [
          {
            "url": "http://hl7.org/fhir/tools/StructureDefinition/resource-information",
            "valueString": "MedicationRequest"
          }
        ],
        "reference": {
          "reference": "MedicationRequest/3-2-prescription"
        },
        "name": "Example MedicationRequest - 3-2-prescription",
        "exampleCanonical": "http://hl7belgium.org/fhir/riziv-medicationrecord/StructureDefinition/MedRecordOrder"
      },
      {
        "extension": [
          {
            "url": "http://hl7.org/fhir/tools/StructureDefinition/resource-information",
            "valueString": "MedicationStatement"
          }
        ],
        "reference": {
          "reference": "MedicationStatement/Co-Bisoprolol25-625mg1xACM"
        }
      },
      {
        "extension": [
          {
            "url": "http://hl7.org/fhir/tools/StructureDefinition/resource-information",
            "valueString": "Provenance"
          }
        ],
        "reference": {
          "reference": "Provenance/7-2-provenance"
        }
      },
      {
        "extension": [
          {
            "url": "http://hl7.org/fhir/tools/StructureDefinition/resource-information",
            "valueString": "CarePlan"
          }
        ],
        "reference": {
          "reference": "CarePlan/15-treatment-2"
        },
        "name": "Treatment for preventing stroke",
        "exampleCanonical": "http://hl7belgium.org/fhir/riziv-medicationrecord/StructureDefinition/MedRecordTreatment"
      },
      {
        "extension": [
          {
            "url": "http://hl7.org/fhir/tools/StructureDefinition/resource-information",
            "valueString": "MedicationDispense"
          }
        ],
        "reference": {
          "reference": "MedicationDispense/6-dispense"
        },
        "name": "Example MedicationDispense - 6-dispense",
        "exampleCanonical": "http://hl7belgium.org/fhir/riziv-medicationrecord/StructureDefinition/MedRecordDispense"
      },
      {
        "extension": [
          {
            "url": "http://hl7.org/fhir/tools/StructureDefinition/resource-information",
            "valueString": "Provenance"
          }
        ],
        "reference": {
          "reference": "Provenance/13-3-provenance"
        }
      },
      {
        "extension": [
          {
            "url": "http://hl7.org/fhir/tools/StructureDefinition/resource-information",
            "valueString": "Provenance"
          }
        ],
        "reference": {
          "reference": "Provenance/5-2-provenance"
        }
      },
      {
        "extension": [
          {
            "url": "http://hl7.org/fhir/tools/StructureDefinition/resource-information",
            "valueString": "StructureDefinition:resource"
          }
        ],
        "reference": {
          "reference": "StructureDefinition/sche-view-comp"
        },
        "name": "Medication View profile -second visualization",
        "description": "The profile for how to organize the information in a medication View 2"
      },
      {
        "extension": [
          {
            "url": "http://hl7.org/fhir/tools/StructureDefinition/resource-information",
            "valueString": "MedicationDispense"
          }
        ],
        "reference": {
          "reference": "MedicationDispense/example-minimal-dispense"
        }
      },
      {
        "extension": [
          {
            "url": "http://hl7.org/fhir/tools/StructureDefinition/resource-information",
            "valueString": "MedicationRequest"
          }
        ],
        "reference": {
          "reference": "MedicationRequest/15-prescription-2"
        },
        "name": "Example MedicationRequest - 15-prescription-2",
        "exampleCanonical": "http://hl7belgium.org/fhir/riziv-medicationrecord/StructureDefinition/MedRecordOrder"
      },
      {
        "extension": [
          {
            "url": "http://hl7.org/fhir/tools/StructureDefinition/resource-information",
            "valueString": "Provenance"
          }
        ],
        "reference": {
          "reference": "Provenance/8-4-provenance"
        }
      },
      {
        "extension": [
          {
            "url": "http://hl7.org/fhir/tools/StructureDefinition/resource-information",
            "valueString": "MedicationAdministration"
          }
        ],
        "reference": {
          "reference": "MedicationAdministration/8-administration"
        },
        "name": "Example MedicationAdministration - 8-administration",
        "exampleCanonical": "http://hl7belgium.org/fhir/riziv-medicationrecord/StructureDefinition/MedRecordAdministration"
      },
      {
        "extension": [
          {
            "url": "http://hl7.org/fhir/tools/StructureDefinition/resource-information",
            "valueString": "Bundle"
          }
        ],
        "reference": {
          "reference": "Bundle/EB"
        }
      },
      {
        "extension": [
          {
            "url": "http://hl7.org/fhir/tools/StructureDefinition/resource-information",
            "valueString": "Provenance"
          }
        ],
        "reference": {
          "reference": "Provenance/7-3-provenance"
        }
      },
      {
        "extension": [
          {
            "url": "http://hl7.org/fhir/tools/StructureDefinition/resource-information",
            "valueString": "MedicationRequest"
          }
        ],
        "reference": {
          "reference": "MedicationRequest/1-prescription"
        },
        "name": "Example MedicationRequest - 1-prescription",
        "exampleCanonical": "http://hl7belgium.org/fhir/riziv-medicationrecord/StructureDefinition/MedRecordOrder"
      },
      {
        "extension": [
          {
            "url": "http://hl7.org/fhir/tools/StructureDefinition/resource-information",
            "valueString": "MedicationStatement"
          }
        ],
        "reference": {
          "reference": "MedicationStatement/Paracetamol500mg1xCV"
        }
      },
      {
        "extension": [
          {
            "url": "http://hl7.org/fhir/tools/StructureDefinition/resource-information",
            "valueString": "MedicationStatement"
          }
        ],
        "reference": {
          "reference": "MedicationStatement/8-treatmentLine"
        },
        "name": "Example MedicationStatement - 8-treatmentLine",
        "exampleCanonical": "http://hl7belgium.org/fhir/riziv-medicationrecord/StructureDefinition/MedRecordTreatmentLine"
      },
      {
        "extension": [
          {
            "url": "http://hl7.org/fhir/tools/StructureDefinition/resource-information",
            "valueString": "MedicationDispense"
          }
        ],
        "reference": {
          "reference": "MedicationDispense/5-dispense"
        },
        "name": "Example MedicationDispense - 5-dispense",
        "exampleCanonical": "http://hl7belgium.org/fhir/riziv-medicationrecord/StructureDefinition/MedRecordDispense"
      },
      {
        "extension": [
          {
            "url": "http://hl7.org/fhir/tools/StructureDefinition/resource-information",
            "valueString": "Composition"
          }
        ],
        "reference": {
          "reference": "Composition/1-summary-view"
        },
        "name": "Summary View for Patient X",
        "exampleCanonical": "http://hl7belgium.org/fhir/riziv-medicationrecord/StructureDefinition/med-view-comp"
      },
      {
        "extension": [
          {
            "url": "http://hl7.org/fhir/tools/StructureDefinition/resource-information",
            "valueString": "MedicationStatement"
          }
        ],
        "reference": {
          "reference": "MedicationStatement/13-2-treatmentLine"
        },
        "name": "Example MedicationStatement - 13-2-treatmentLine",
        "exampleCanonical": "http://hl7belgium.org/fhir/riziv-medicationrecord/StructureDefinition/MedRecordTreatmentLine"
      },
      {
        "extension": [
          {
            "url": "http://hl7.org/fhir/tools/StructureDefinition/resource-information",
            "valueString": "MedicationDispense"
          }
        ],
        "reference": {
          "reference": "MedicationDispense/4-2-dispense"
        },
        "name": "Example MedicationDispense - 4-2-dispense",
        "exampleCanonical": "http://hl7belgium.org/fhir/riziv-medicationrecord/StructureDefinition/MedRecordDispense"
      },
      {
        "extension": [
          {
            "url": "http://hl7.org/fhir/tools/StructureDefinition/resource-information",
            "valueString": "CarePlan"
          }
        ],
        "reference": {
          "reference": "CarePlan/15-treatment"
        },
        "name": "Treatment for acid reflux",
        "exampleCanonical": "http://hl7belgium.org/fhir/riziv-medicationrecord/StructureDefinition/MedRecordTreatment"
      },
      {
        "extension": [
          {
            "url": "http://hl7.org/fhir/tools/StructureDefinition/resource-information",
            "valueString": "Provenance"
          }
        ],
        "reference": {
          "reference": "Provenance/6-provenance"
        }
      },
      {
        "extension": [
          {
            "url": "http://hl7.org/fhir/tools/StructureDefinition/resource-information",
            "valueString": "MedicationStatement"
          }
        ],
        "reference": {
          "reference": "MedicationStatement/Asaflow500mg1xACM"
        }
      },
      {
        "extension": [
          {
            "url": "http://hl7.org/fhir/tools/StructureDefinition/resource-information",
            "valueString": "Provenance"
          }
        ],
        "reference": {
          "reference": "Provenance/1-1-provenance"
        }
      },
      {
        "extension": [
          {
            "url": "http://hl7.org/fhir/tools/StructureDefinition/resource-information",
            "valueString": "MedicationStatement"
          }
        ],
        "reference": {
          "reference": "MedicationStatement/7-usage"
        },
        "name": "Example MedicationStatement - 7-usage",
        "exampleCanonical": "http://hl7belgium.org/fhir/riziv-medicationrecord/StructureDefinition/MedRecordUsage"
      },
      {
        "extension": [
          {
            "url": "http://hl7.org/fhir/tools/StructureDefinition/resource-information",
            "valueString": "CarePlan"
          }
        ],
        "reference": {
          "reference": "CarePlan/week-view"
        },
        "name": "Patient scheduled medication for week x",
        "exampleCanonical": "http://hl7belgium.org/fhir/riziv-medicationrecord/StructureDefinition/MedRecordMedicationSummaryView"
      },
      {
        "extension": [
          {
            "url": "http://hl7.org/fhir/tools/StructureDefinition/resource-information",
            "valueString": "Provenance"
          }
        ],
        "reference": {
          "reference": "Provenance/3-1-provenance"
        }
      },
      {
        "extension": [
          {
            "url": "http://hl7.org/fhir/tools/StructureDefinition/resource-information",
            "valueString": "MedicationDispense"
          }
        ],
        "reference": {
          "reference": "MedicationDispense/3-dispense"
        },
        "name": "Example MedicationDispense - 3-dispense",
        "exampleCanonical": "http://hl7belgium.org/fhir/riziv-medicationrecord/StructureDefinition/MedRecordDispense"
      },
      {
        "extension": [
          {
            "url": "http://hl7.org/fhir/tools/StructureDefinition/resource-information",
            "valueString": "MedicationDispense"
          }
        ],
        "reference": {
          "reference": "MedicationDispense/Dafalgan500mgDispense"
        }
      },
      {
        "extension": [
          {
            "url": "http://hl7.org/fhir/tools/StructureDefinition/resource-information",
            "valueString": "MedicationStatement"
          }
        ],
        "reference": {
          "reference": "MedicationStatement/15-treatmentLine"
        },
        "name": "Example MedicationStatement - 15-treatmentLine",
        "exampleCanonical": "http://hl7belgium.org/fhir/riziv-medicationrecord/StructureDefinition/MedRecordTreatmentLine"
      },
      {
        "extension": [
          {
            "url": "http://hl7.org/fhir/tools/StructureDefinition/resource-information",
            "valueString": "MedicationRequest"
          }
        ],
        "reference": {
          "reference": "MedicationRequest/7-prescription"
        },
        "name": "Example MedicationRequest - 7-prescription",
        "exampleCanonical": "http://hl7belgium.org/fhir/riziv-medicationrecord/StructureDefinition/MedRecordOrder"
      },
      {
        "extension": [
          {
            "url": "http://hl7.org/fhir/tools/StructureDefinition/resource-information",
            "valueString": "Provenance"
          }
        ],
        "reference": {
          "reference": "Provenance/4-2-provenance"
        }
      },
      {
        "extension": [
          {
            "url": "http://hl7.org/fhir/tools/StructureDefinition/resource-information",
            "valueString": "MedicationDispense"
          }
        ],
        "reference": {
          "reference": "MedicationDispense/10-3-dispense"
        },
        "name": "Example MedicationDispense - 10-3-dispense",
        "exampleCanonical": "http://hl7belgium.org/fhir/riziv-medicationrecord/StructureDefinition/MedRecordDispense"
      },
      {
        "extension": [
          {
            "url": "http://hl7.org/fhir/tools/StructureDefinition/resource-information",
            "valueString": "CarePlan"
          }
        ],
        "reference": {
          "reference": "CarePlan/7-treatment"
        },
        "name": "Diarrhea Prevention",
        "exampleCanonical": "http://hl7belgium.org/fhir/riziv-medicationrecord/StructureDefinition/MedRecordTreatment"
      }
    ],
    "page": {
      "nameUrl": "toc.html",
      "title": "Table of Contents",
      "generation": "html",
      "page": [
        {
          "nameUrl": "index.html",
          "title": "Home Page",
          "generation": "html"
        },
        {
          "nameUrl": "howto.html",
          "title": "How to read this document",
          "generation": "html"
        },
        {
          "nameUrl": "functional-description.html",
          "title": "Functional Description",
          "generation": "markdown",
          "page": [
            {
              "nameUrl": "usecases-dispense.html",
              "title": "Use Cases - Dispense",
              "generation": "markdown"
            }
          ]
        },
        {
          "nameUrl": "medicationrecord.html",
          "title": "The Belgian Medication Record",
          "generation": "markdown",
          "page": [
            {
              "nameUrl": "medicationrecord-scenarios.html",
              "title": "Medication Record Scenarios",
              "generation": "markdown",
              "page": [
                {
                  "nameUrl": "medicationrecord-scenario-1.html",
                  "title": "Scenario 1 - concurrent medications",
                  "generation": "markdown"
                },
                {
                  "nameUrl": "medicationrecord-scenario-2.html",
                  "title": "Scenario 2 - medication protocols",
                  "generation": "markdown"
                }
              ]
            },
            {
              "nameUrl": "medicationrecord-definitions.html",
              "title": "Definitions - Medication Record",
              "generation": "markdown"
            },
            {
              "nameUrl": "medicationrecord-requirements.html",
              "title": "Requirements - Medication Record",
              "generation": "markdown",
              "page": [
                {
                  "nameUrl": "medication-granularity.html",
                  "title": "Medication Levels",
                  "generation": "markdown"
                },
                {
                  "nameUrl": "medication-class-group.html",
                  "title": "Medication Classification and grouping",
                  "generation": "markdown"
                }
              ]
            },
            {
              "nameUrl": "medicationrecord-patterns.html",
              "title": "Architectural patterns - Medication Record",
              "generation": "markdown",
              "page": [
                {
                  "nameUrl": "medicationrecord-pattern-1.html",
                  "title": "Pattern 1 - Consult a patient's medication record",
                  "generation": "markdown"
                },
                {
                  "nameUrl": "medicationrecord-pattern-2.html",
                  "title": "Pattern 2 - update a patient's medication record",
                  "generation": "markdown"
                },
                {
                  "nameUrl": "medicationrecord-pattern-3.html",
                  "title": "Pattern 3 - Compile a medication record",
                  "generation": "markdown"
                },
                {
                  "nameUrl": "medicationrecord-pattern-4.html",
                  "title": "Pattern 4 - Creation of Treatments and Treatment Lines",
                  "generation": "markdown"
                }
              ]
            }
          ]
        },
        {
          "nameUrl": "medicationrecord-usageexamples.html",
          "title": "MedicationRecord - usage examples",
          "generation": "markdown",
          "page": [
            {
              "nameUrl": "example1.html",
              "title": "Prescribed branded medication is changed by another branded medication from the same VOS-cluster",
              "generation": "markdown"
            },
            {
              "nameUrl": "example2a.html",
              "title": "Prescribed medication is changed by another medication from a different VOS-cluster - different strength",
              "generation": "markdown"
            },
            {
              "nameUrl": "example2b.html",
              "title": "Prescribed medication is changed by another medication from a different VOS-cluster - Different package size",
              "generation": "markdown"
            },
            {
              "nameUrl": "example3.html",
              "title": "Dispense medication before the prescription is available",
              "generation": "markdown"
            },
            {
              "nameUrl": "example4.html",
              "title": "Dispense of prescribed medication and of a product that can be dispensed without a prescription",
              "generation": "markdown"
            },
            {
              "nameUrl": "example5.html",
              "title": "Dispense of new brand medication that is given because the old is unavailable, so giving to continue the treatment and not to replace it",
              "generation": "markdown"
            },
            {
              "nameUrl": "example6.html",
              "title": "Refusal to dispense the prescribed medication",
              "generation": "markdown"
            },
            {
              "nameUrl": "example7.html",
              "title": "Dispense of medication that was prescribed to take if needed, but was not taken",
              "generation": "markdown"
            },
            {
              "nameUrl": "example8.html",
              "title": "Dispense of medication that was prescribed, but not taken till the end",
              "generation": "markdown"
            },
            {
              "nameUrl": "example9a.html",
              "title": "Recording of anesthetic, contrast and similar medications - Checking possible interactions before surgery",
              "generation": "markdown"
            },
            {
              "nameUrl": "example9b.html",
              "title": "Recording of anesthetic, contrast and similar medications - Product prescribed (by VOS) and dispense for exam ",
              "generation": "markdown"
            },
            {
              "nameUrl": "example10.html",
              "title": "The recording of non-medication aka pharmaceutical products",
              "generation": "markdown"
            },
            {
              "nameUrl": "logical-models.html",
              "title": "Logical Models",
              "generation": "markdown"
            },
            {
              "nameUrl": "downloads.html",
              "title": "Downloads",
              "generation": "html"
            }
          ]
        },
        {
          "nameUrl": "implementation.html",
          "title": "Medication Record Implementation",
          "generation": "markdown",
          "page": [
            {
              "nameUrl": "medicationrecord-fhir-resources.html",
              "title": "Medication Record - FHIR resources",
              "generation": "markdown"
            }
          ]
        }
      ]
    },
    "parameter": [
      {
        "code": "path-resource",
        "value": "input/capabilities"
      },
      {
        "code": "path-resource",
        "value": "input/examples"
      },
      {
        "code": "path-resource",
        "value": "input/extensions"
      },
      {
        "code": "path-resource",
        "value": "input/models"
      },
      {
        "code": "path-resource",
        "value": "input/operations"
      },
      {
        "code": "path-resource",
        "value": "input/profiles"
      },
      {
        "code": "path-resource",
        "value": "input/resources"
      },
      {
        "code": "path-resource",
        "value": "input/vocabulary"
      },
      {
        "code": "path-resource",
        "value": "input/maps"
      },
      {
        "code": "path-resource",
        "value": "input/testing"
      },
      {
        "code": "path-resource",
        "value": "input/history"
      },
      {
        "code": "path-resource",
        "value": "fsh-generated/resources"
      },
      {
        "code": "path-pages",
        "value": "template/config"
      },
      {
        "code": "path-pages",
        "value": "input/images"
      },
      {
        "code": "path-tx-cache",
        "value": "input-cache/txcache"
      }
    ]
  }
}