{
  "resourceType": "MedicationRequest",
  "id": "15-scheduleAdministration-2",
  "meta": {
    "profile": [
      "http://hl7belgium.org/fhir/riziv-medicationrecord/StructureDefinition/MedRecordMedicationScheduledAdministration"
    ]
  },
  "text": {
    "status": "extensions",
    "div": "<div xmlns=\"http://www.w3.org/1999/xhtml\"><p><b>Generated Narrative</b></p><div style=\"display: inline-block; background-color: #d9e0e7; padding: 6px; margin: 4px; border: 1px solid #8da1b4; border-radius: 5px; line-height: 60%\"><p style=\"margin-bottom: 0px\">Resource \"15-scheduleAdministration-2\" </p><p style=\"margin-bottom: 0px\">Profile: <a href=\"StructureDefinition-MedRecordMedicationScheduledAdministration.html\">MedRecord Scheduled Administration profile</a></p></div><p><b>Based On</b>: <span></span></p><p><b>identifier</b>: id: d6cbba56-f05d-42fc-9674-fccc8aa2c048</p><p><b>status</b>: active</p><p><b>intent</b>: instance-order</p><p><b>medication</b>: Acidine 75 mg (20 pieces) <span style=\"background: LightGoldenRodYellow; margin: 4px; border: 1px solid khaki\"> (cnk_product_codes#00)</span></p><p><b>subject</b>: <span></span></p></div>"
  },
  "extension": [
    {
      "url": "http://hl7.org/fhir/StructureDefinition/event-basedOn",
      "valueReference": {
        "identifier": {
          "system": "http://treatment-identifiers.com",
          "value": "743a5985-dfe3-4806-ae72-36fff1dd5b05"
        }
      }
    }
  ],
  "identifier": [
    {
      "system": "http://takes-identifiers.com",
      "value": "d6cbba56-f05d-42fc-9674-fccc8aa2c048"
    }
  ],
  "status": "active",
  "intent": "instance-order",
  "medicationCodeableConcept": {
    "coding": [
      {
        "system": "https://cnk.apb.be/codings/cnk_product_codes",
        "code": "00",
        "display": "Acidine 75 mg (20 pieces)"
      }
    ]
  },
  "subject": {
    "identifier": {
      "system": "https://www.ehealth.fgov.be/standards/fhir/NamingSystem/ssin",
      "value": "64110219106"
    }
  },
  "dosageInstruction": [
    {
      "timing": {
        "event": [
          "2021-08-12T10:00:00+02:00"
        ]
      },
      "route": {
        "coding": [
          {
            "system": "http://snomed.info/sct",
            "code": "26643006",
            "display": "Oral Route"
          }
        ]
      },
      "doseAndRate": [
        {
          "doseQuantity": {
            "value": 1,
            "unit": "TAB",
            "system": "http://terminology.hl7.org/CodeSystem/v3-orderableDrugForm",
            "code": "TAB"
          }
        }
      ]
    }
  ]
}