{
  "resourceType": "StructureDefinition",
  "id": "be-model-medication-dispense",
  "text": {
    "status": "extensions",
    "div": "<div xmlns=\"http://www.w3.org/1999/xhtml\"><table border=\"0\" cellpadding=\"0\" cellspacing=\"0\" style=\"border: 0px #F0F0F0 solid; font-size: 11px; font-family: verdana; vertical-align: top;\"><tr style=\"border: 1px #F0F0F0 solid; font-size: 11px; font-family: verdana; vertical-align: top\"><th style=\"vertical-align: top; text-align : left; background-color: white; border: 0px #F0F0F0 solid; padding:0px 4px 0px 4px\" class=\"hierarchy\"><a href=\"http://hl7.org/fhir/R4/formats.html#table\" title=\"The logical name of the element\">Name</a></th><th style=\"vertical-align: top; text-align : left; background-color: white; border: 0px #F0F0F0 solid; padding:0px 4px 0px 4px\" class=\"hierarchy\"><a href=\"http://hl7.org/fhir/R4/formats.html#table\" title=\"Information about the use of the element\">Flags</a></th><th style=\"vertical-align: top; text-align : left; background-color: white; border: 0px #F0F0F0 solid; padding:0px 4px 0px 4px\" class=\"hierarchy\"><a href=\"http://hl7.org/fhir/R4/formats.html#table\" title=\"Minimum and Maximum # of times the the element can appear in the instance\">Card.</a></th><th style=\"width: 100px\" class=\"hierarchy\"><a href=\"http://hl7.org/fhir/R4/formats.html#table\" title=\"Reference to the type of the element\">Type</a></th><th style=\"vertical-align: top; text-align : left; background-color: white; border: 0px #F0F0F0 solid; padding:0px 4px 0px 4px\" class=\"hierarchy\"><a href=\"http://hl7.org/fhir/R4/formats.html#table\" title=\"Additional information about the element\">Description &amp; Constraints</a><span style=\"float: right\"><a href=\"http://hl7.org/fhir/R4/formats.html#table\" title=\"Legend for this format\"><img src=\"http://hl7.org/fhir/R4/help16.png\" alt=\"doco\" style=\"background-color: inherit\"/></a></span></th></tr><tr style=\"border: 0px #F0F0F0 solid; padding:0px; vertical-align: top; background-color: white\"><td style=\"vertical-align: top; text-align : left; background-color: white; border: 0px #F0F0F0 solid; padding:0px 4px 0px 4px; white-space: nowrap; background-image: url(tbl_bck1.png)\" class=\"hierarchy\"><img src=\"tbl_spacer.png\" alt=\".\" style=\"background-color: inherit\" class=\"hierarchy\"/><img src=\"icon_element.gif\" alt=\".\" style=\"background-color: white; background-color: inherit\" title=\"Element\" class=\"hierarchy\"/> <a href=\"StructureDefinition-be-model-medication-dispense-definitions.html#BeMedicationDispense\">BeMedicationDispense</a><a name=\"BeMedicationDispense\"> </a></td><td style=\"vertical-align: top; text-align : left; background-color: white; border: 0px #F0F0F0 solid; padding:0px 4px 0px 4px\" class=\"hierarchy\"/><td style=\"vertical-align: top; text-align : left; background-color: white; border: 0px #F0F0F0 solid; padding:0px 4px 0px 4px\" class=\"hierarchy\">0..*</td><td style=\"vertical-align: top; text-align : left; background-color: white; border: 0px #F0F0F0 solid; padding:0px 4px 0px 4px\" class=\"hierarchy\"><a href=\"http://hl7.org/fhir/R4/datatypes.html#Element\">Element</a></td><td style=\"vertical-align: top; text-align : left; background-color: white; border: 0px #F0F0F0 solid; padding:0px 4px 0px 4px\" class=\"hierarchy\">An individual record of a medication dispense<br/></td></tr>\r\n<tr style=\"border: 0px #F0F0F0 solid; padding:0px; vertical-align: top; background-color: #F7F7F7\"><td style=\"vertical-align: top; text-align : left; background-color: #F7F7F7; border: 0px #F0F0F0 solid; padding:0px 4px 0px 4px; white-space: nowrap; background-image: url(tbl_bck10.png)\" class=\"hierarchy\"><img src=\"tbl_spacer.png\" alt=\".\" style=\"background-color: inherit\" class=\"hierarchy\"/><img src=\"tbl_vjoin.png\" alt=\".\" style=\"background-color: inherit\" class=\"hierarchy\"/><img src=\"icon_datatype.gif\" alt=\".\" style=\"background-color: #F7F7F7; background-color: inherit\" title=\"Data Type\" class=\"hierarchy\"/> <a href=\"StructureDefinition-be-model-medication-dispense-definitions.html#BeMedicationDispense.identifier\" title=\"The business identifier(s) for the medication dispense session, also known as Session GUID (SGUID).\">identifier</a><a name=\"BeMedicationDispense.identifier\"> </a></td><td style=\"vertical-align: top; text-align : left; background-color: #F7F7F7; border: 0px #F0F0F0 solid; padding:0px 4px 0px 4px\" class=\"hierarchy\"/><td style=\"vertical-align: top; text-align : left; background-color: #F7F7F7; border: 0px #F0F0F0 solid; padding:0px 4px 0px 4px\" class=\"hierarchy\">0..1</td><td style=\"vertical-align: top; text-align : left; background-color: #F7F7F7; border: 0px #F0F0F0 solid; padding:0px 4px 0px 4px\" class=\"hierarchy\"><a href=\"http://hl7.org/fhir/R4/datatypes.html#Identifier\">Identifier</a></td><td style=\"vertical-align: top; text-align : left; background-color: #F7F7F7; border: 0px #F0F0F0 solid; padding:0px 4px 0px 4px\" class=\"hierarchy\">The business identifier(s) for the medication dispense session</td></tr>\r\n<tr style=\"border: 0px #F0F0F0 solid; padding:0px; vertical-align: top; background-color: white\"><td style=\"vertical-align: top; text-align : left; background-color: white; border: 0px #F0F0F0 solid; padding:0px 4px 0px 4px; white-space: nowrap; background-image: url(tbl_bck10.png)\" class=\"hierarchy\"><img src=\"tbl_spacer.png\" alt=\".\" style=\"background-color: inherit\" class=\"hierarchy\"/><img src=\"tbl_vjoin.png\" alt=\".\" style=\"background-color: inherit\" class=\"hierarchy\"/><img src=\"icon_reference.png\" alt=\".\" style=\"background-color: white; background-color: inherit\" title=\"Reference to another Resource\" class=\"hierarchy\"/> <a href=\"StructureDefinition-be-model-medication-dispense-definitions.html#BeMedicationDispense.patient\" title=\"The person for which the medication is dispensed.\">patient</a><a name=\"BeMedicationDispense.patient\"> </a></td><td style=\"vertical-align: top; text-align : left; background-color: white; border: 0px #F0F0F0 solid; padding:0px 4px 0px 4px\" class=\"hierarchy\"/><td style=\"vertical-align: top; text-align : left; background-color: white; border: 0px #F0F0F0 solid; padding:0px 4px 0px 4px\" class=\"hierarchy\">1..1</td><td style=\"vertical-align: top; text-align : left; background-color: white; border: 0px #F0F0F0 solid; padding:0px 4px 0px 4px\" class=\"hierarchy\"><a href=\"http://hl7.org/fhir/R4/references.html\">Reference</a>(<a href=\"https://build.fhir.org/ig/hl7-be/core//StructureDefinition-be-patient.html\">BePatient</a>)</td><td style=\"vertical-align: top; text-align : left; background-color: white; border: 0px #F0F0F0 solid; padding:0px 4px 0px 4px\" class=\"hierarchy\">The person for which the medication is dispensed.</td></tr>\r\n<tr style=\"border: 0px #F0F0F0 solid; padding:0px; vertical-align: top; background-color: #F7F7F7\"><td style=\"vertical-align: top; text-align : left; background-color: #F7F7F7; border: 0px #F0F0F0 solid; padding:0px 4px 0px 4px; white-space: nowrap; background-image: url(tbl_bck11.png)\" class=\"hierarchy\"><img src=\"tbl_spacer.png\" alt=\".\" style=\"background-color: inherit\" class=\"hierarchy\"/><img src=\"tbl_vjoin.png\" alt=\".\" style=\"background-color: inherit\" class=\"hierarchy\"/><img src=\"icon_resource.png\" alt=\".\" style=\"background-color: #F7F7F7; background-color: inherit\" title=\"Resource\" class=\"hierarchy\"/> <a href=\"StructureDefinition-be-model-medication-dispense-definitions.html#BeMedicationDispense.dispenser\" title=\".\">dispenser</a><a name=\"BeMedicationDispense.dispenser\"> </a></td><td style=\"vertical-align: top; text-align : left; background-color: #F7F7F7; border: 0px #F0F0F0 solid; padding:0px 4px 0px 4px\" class=\"hierarchy\"/><td style=\"vertical-align: top; text-align : left; background-color: #F7F7F7; border: 0px #F0F0F0 solid; padding:0px 4px 0px 4px\" class=\"hierarchy\">0..1</td><td style=\"vertical-align: top; text-align : left; background-color: #F7F7F7; border: 0px #F0F0F0 solid; padding:0px 4px 0px 4px\" class=\"hierarchy\"/><td style=\"vertical-align: top; text-align : left; background-color: #F7F7F7; border: 0px #F0F0F0 solid; padding:0px 4px 0px 4px\" class=\"hierarchy\">The dispenser, if known and relevant</td></tr>\r\n<tr style=\"border: 0px #F0F0F0 solid; padding:0px; vertical-align: top; background-color: white\"><td style=\"vertical-align: top; text-align : left; background-color: white; border: 0px #F0F0F0 solid; padding:0px 4px 0px 4px; white-space: nowrap; background-image: url(tbl_bck110.png)\" class=\"hierarchy\"><img src=\"tbl_spacer.png\" alt=\".\" style=\"background-color: inherit\" class=\"hierarchy\"/><img src=\"tbl_vline.png\" alt=\".\" style=\"background-color: inherit\" class=\"hierarchy\"/><img src=\"tbl_vjoin.png\" alt=\".\" style=\"background-color: inherit\" class=\"hierarchy\"/><img src=\"icon_reference.png\" alt=\".\" style=\"background-color: white; background-color: inherit\" title=\"Reference to another Resource\" class=\"hierarchy\"/> <a href=\"StructureDefinition-be-model-medication-dispense-definitions.html#BeMedicationDispense.dispenser.dispenser\" title=\"Who was responsible for asserting the observed value as &quot;true&quot;. (Reference)\">dispenser</a><a name=\"BeMedicationDispense.dispenser.dispenser\"> </a></td><td style=\"vertical-align: top; text-align : left; background-color: white; border: 0px #F0F0F0 solid; padding:0px 4px 0px 4px\" class=\"hierarchy\"/><td style=\"vertical-align: top; text-align : left; background-color: white; border: 0px #F0F0F0 solid; padding:0px 4px 0px 4px\" class=\"hierarchy\">1..1</td><td style=\"vertical-align: top; text-align : left; background-color: white; border: 0px #F0F0F0 solid; padding:0px 4px 0px 4px\" class=\"hierarchy\"><a href=\"http://hl7.org/fhir/R4/references.html\">Reference</a>(<a href=\"https://build.fhir.org/ig/hl7-be/core//StructureDefinition-be-practitioner.html\">BePractitioner</a>)</td><td style=\"vertical-align: top; text-align : left; background-color: white; border: 0px #F0F0F0 solid; padding:0px 4px 0px 4px\" class=\"hierarchy\">Reference to person that performed the recording or reporting</td></tr>\r\n<tr style=\"border: 0px #F0F0F0 solid; padding:0px; vertical-align: top; background-color: #F7F7F7\"><td style=\"vertical-align: top; text-align : left; background-color: #F7F7F7; border: 0px #F0F0F0 solid; padding:0px 4px 0px 4px; white-space: nowrap; background-image: url(tbl_bck100.png)\" class=\"hierarchy\"><img src=\"tbl_spacer.png\" alt=\".\" style=\"background-color: inherit\" class=\"hierarchy\"/><img src=\"tbl_vline.png\" alt=\".\" style=\"background-color: inherit\" class=\"hierarchy\"/><img src=\"tbl_vjoin_end.png\" alt=\".\" style=\"background-color: inherit\" class=\"hierarchy\"/><img src=\"icon_reference.png\" alt=\".\" style=\"background-color: #F7F7F7; background-color: inherit\" title=\"Reference to another Resource\" class=\"hierarchy\"/> <a href=\"StructureDefinition-be-model-medication-dispense-definitions.html#BeMedicationDispense.dispenser.organization\" title=\"Who was responsible for asserting the observed value as &quot;true&quot;. (Reference)\">organization</a><a name=\"BeMedicationDispense.dispenser.organization\"> </a></td><td style=\"vertical-align: top; text-align : left; background-color: #F7F7F7; border: 0px #F0F0F0 solid; padding:0px 4px 0px 4px\" class=\"hierarchy\"/><td style=\"vertical-align: top; text-align : left; background-color: #F7F7F7; border: 0px #F0F0F0 solid; padding:0px 4px 0px 4px\" class=\"hierarchy\">1..1</td><td style=\"vertical-align: top; text-align : left; background-color: #F7F7F7; border: 0px #F0F0F0 solid; padding:0px 4px 0px 4px\" class=\"hierarchy\"><a href=\"http://hl7.org/fhir/R4/references.html\">Reference</a>(<a href=\"https://build.fhir.org/ig/hl7-be/core//StructureDefinition-be-organization.html\">BeOrganization</a>)</td><td style=\"vertical-align: top; text-align : left; background-color: #F7F7F7; border: 0px #F0F0F0 solid; padding:0px 4px 0px 4px\" class=\"hierarchy\">Reference to person that performed the recording or reporting</td></tr>\r\n<tr style=\"border: 0px #F0F0F0 solid; padding:0px; vertical-align: top; background-color: white\"><td style=\"vertical-align: top; text-align : left; background-color: white; border: 0px #F0F0F0 solid; padding:0px 4px 0px 4px; white-space: nowrap; background-image: url(tbl_bck10.png)\" class=\"hierarchy\"><img src=\"tbl_spacer.png\" alt=\".\" style=\"background-color: inherit\" class=\"hierarchy\"/><img src=\"tbl_vjoin.png\" alt=\".\" style=\"background-color: inherit\" class=\"hierarchy\"/><img src=\"icon_primitive.png\" alt=\".\" style=\"background-color: white; background-color: inherit\" title=\"Primitive Data Type\" class=\"hierarchy\"/> <a href=\"StructureDefinition-be-model-medication-dispense-definitions.html#BeMedicationDispense.dispenseDate\" title=\"The date (or date-time) when the dispense ocurred\">dispenseDate</a><a name=\"BeMedicationDispense.dispenseDate\"> </a></td><td style=\"vertical-align: top; text-align : left; background-color: white; border: 0px #F0F0F0 solid; padding:0px 4px 0px 4px\" class=\"hierarchy\"/><td style=\"vertical-align: top; text-align : left; background-color: white; border: 0px #F0F0F0 solid; padding:0px 4px 0px 4px\" class=\"hierarchy\">1..1</td><td style=\"vertical-align: top; text-align : left; background-color: white; border: 0px #F0F0F0 solid; padding:0px 4px 0px 4px\" class=\"hierarchy\"><a href=\"http://hl7.org/fhir/R4/datatypes.html#dateTime\" title=\"dateTime\">dateTime</a></td><td style=\"vertical-align: top; text-align : left; background-color: white; border: 0px #F0F0F0 solid; padding:0px 4px 0px 4px\" class=\"hierarchy\">The date when the dispense ocurred</td></tr>\r\n<tr style=\"border: 0px #F0F0F0 solid; padding:0px; vertical-align: top; background-color: #F7F7F7\"><td style=\"vertical-align: top; text-align : left; background-color: #F7F7F7; border: 0px #F0F0F0 solid; padding:0px 4px 0px 4px; white-space: nowrap; background-image: url(tbl_bck11.png)\" class=\"hierarchy\"><img src=\"tbl_spacer.png\" alt=\".\" style=\"background-color: inherit\" class=\"hierarchy\"/><img src=\"tbl_vjoin.png\" alt=\".\" style=\"background-color: inherit\" class=\"hierarchy\"/><img src=\"icon_datatype.gif\" alt=\".\" style=\"background-color: #F7F7F7; background-color: inherit\" title=\"Data Type\" class=\"hierarchy\"/> <a href=\"StructureDefinition-be-model-medication-dispense-definitions.html#BeMedicationDispense.prescription\" title=\".\">prescription</a><a name=\"BeMedicationDispense.prescription\"> </a></td><td style=\"vertical-align: top; text-align : left; background-color: #F7F7F7; border: 0px #F0F0F0 solid; padding:0px 4px 0px 4px\" class=\"hierarchy\"/><td style=\"vertical-align: top; text-align : left; background-color: #F7F7F7; border: 0px #F0F0F0 solid; padding:0px 4px 0px 4px\" class=\"hierarchy\">0..1</td><td style=\"vertical-align: top; text-align : left; background-color: #F7F7F7; border: 0px #F0F0F0 solid; padding:0px 4px 0px 4px\" class=\"hierarchy\"><a href=\"http://hl7.org/fhir/R4/datatypes.html#BackboneElement\">BackboneElement</a></td><td style=\"vertical-align: top; text-align : left; background-color: #F7F7F7; border: 0px #F0F0F0 solid; padding:0px 4px 0px 4px\" class=\"hierarchy\">The information about a prescription related to the dispense</td></tr>\r\n<tr style=\"border: 0px #F0F0F0 solid; padding:0px; vertical-align: top; background-color: white\"><td style=\"vertical-align: top; text-align : left; background-color: white; border: 0px #F0F0F0 solid; padding:0px 4px 0px 4px; white-space: nowrap; background-image: url(tbl_bck110.png)\" class=\"hierarchy\"><img src=\"tbl_spacer.png\" alt=\".\" style=\"background-color: inherit\" class=\"hierarchy\"/><img src=\"tbl_vline.png\" alt=\".\" style=\"background-color: inherit\" class=\"hierarchy\"/><img src=\"tbl_vjoin.png\" alt=\".\" style=\"background-color: inherit\" class=\"hierarchy\"/><img src=\"icon_primitive.png\" alt=\".\" style=\"background-color: white; background-color: inherit\" title=\"Primitive Data Type\" class=\"hierarchy\"/> <a href=\"StructureDefinition-be-model-medication-dispense-definitions.html#BeMedicationDispense.prescription.isPrescribed\" title=\".\">isPrescribed</a><a name=\"BeMedicationDispense.prescription.isPrescribed\"> </a></td><td style=\"vertical-align: top; text-align : left; background-color: white; border: 0px #F0F0F0 solid; padding:0px 4px 0px 4px\" class=\"hierarchy\"/><td style=\"vertical-align: top; text-align : left; background-color: white; border: 0px #F0F0F0 solid; padding:0px 4px 0px 4px\" class=\"hierarchy\">0..1</td><td style=\"vertical-align: top; text-align : left; background-color: white; border: 0px #F0F0F0 solid; padding:0px 4px 0px 4px\" class=\"hierarchy\"><a href=\"http://hl7.org/fhir/R4/datatypes.html#boolean\">boolean</a></td><td style=\"vertical-align: top; text-align : left; background-color: white; border: 0px #F0F0F0 solid; padding:0px 4px 0px 4px\" class=\"hierarchy\">Whether this dispense was performed against a prescription</td></tr>\r\n<tr style=\"border: 0px #F0F0F0 solid; padding:0px; vertical-align: top; background-color: #F7F7F7\"><td style=\"vertical-align: top; text-align : left; background-color: #F7F7F7; border: 0px #F0F0F0 solid; padding:0px 4px 0px 4px; white-space: nowrap; background-image: url(tbl_bck100.png)\" class=\"hierarchy\"><img src=\"tbl_spacer.png\" alt=\".\" style=\"background-color: inherit\" class=\"hierarchy\"/><img src=\"tbl_vline.png\" alt=\".\" style=\"background-color: inherit\" class=\"hierarchy\"/><img src=\"tbl_vjoin_end.png\" alt=\".\" style=\"background-color: inherit\" class=\"hierarchy\"/><img src=\"icon_reference.png\" alt=\".\" style=\"background-color: #F7F7F7; background-color: inherit\" title=\"Reference to another Resource\" class=\"hierarchy\"/> <a href=\"StructureDefinition-be-model-medication-dispense-definitions.html#BeMedicationDispense.prescription.prescription\" title=\".\">prescription</a><a name=\"BeMedicationDispense.prescription.prescription\"> </a></td><td style=\"vertical-align: top; text-align : left; background-color: #F7F7F7; border: 0px #F0F0F0 solid; padding:0px 4px 0px 4px\" class=\"hierarchy\"/><td style=\"vertical-align: top; text-align : left; background-color: #F7F7F7; border: 0px #F0F0F0 solid; padding:0px 4px 0px 4px\" class=\"hierarchy\">0..1</td><td style=\"vertical-align: top; text-align : left; background-color: #F7F7F7; border: 0px #F0F0F0 solid; padding:0px 4px 0px 4px\" class=\"hierarchy\"><a href=\"http://hl7.org/fhir/R4/references.html\">CodeableReference</a>()</td><td style=\"vertical-align: top; text-align : left; background-color: #F7F7F7; border: 0px #F0F0F0 solid; padding:0px 4px 0px 4px\" class=\"hierarchy\">The prescription identification</td></tr>\r\n<tr style=\"border: 0px #F0F0F0 solid; padding:0px; vertical-align: top; background-color: white\"><td style=\"vertical-align: top; text-align : left; background-color: white; border: 0px #F0F0F0 solid; padding:0px 4px 0px 4px; white-space: nowrap; background-image: url(tbl_bck10.png)\" class=\"hierarchy\"><img src=\"tbl_spacer.png\" alt=\".\" style=\"background-color: inherit\" class=\"hierarchy\"/><img src=\"tbl_vjoin.png\" alt=\".\" style=\"background-color: inherit\" class=\"hierarchy\"/><img src=\"icon_datatype.gif\" alt=\".\" style=\"background-color: white; background-color: inherit\" title=\"Data Type\" class=\"hierarchy\"/> <a href=\"StructureDefinition-be-model-medication-dispense-definitions.html#BeMedicationDispense.identifier\" title=\"The business identifier(s) for the medication dispense. The DGUID is the current identifier.\">identifier</a><a name=\"BeMedicationDispense.identifier\"> </a></td><td style=\"vertical-align: top; text-align : left; background-color: white; border: 0px #F0F0F0 solid; padding:0px 4px 0px 4px\" class=\"hierarchy\"/><td style=\"vertical-align: top; text-align : left; background-color: white; border: 0px #F0F0F0 solid; padding:0px 4px 0px 4px\" class=\"hierarchy\">0..1</td><td style=\"vertical-align: top; text-align : left; background-color: white; border: 0px #F0F0F0 solid; padding:0px 4px 0px 4px\" class=\"hierarchy\"><a href=\"http://hl7.org/fhir/R4/datatypes.html#Identifier\">Identifier</a></td><td style=\"vertical-align: top; text-align : left; background-color: white; border: 0px #F0F0F0 solid; padding:0px 4px 0px 4px\" class=\"hierarchy\">The business identifier(s) for the medication dispense</td></tr>\r\n<tr style=\"border: 0px #F0F0F0 solid; padding:0px; vertical-align: top; background-color: #F7F7F7\"><td style=\"vertical-align: top; text-align : left; background-color: #F7F7F7; border: 0px #F0F0F0 solid; padding:0px 4px 0px 4px; white-space: nowrap; background-image: url(tbl_bck11.png)\" class=\"hierarchy\"><img src=\"tbl_spacer.png\" alt=\".\" style=\"background-color: inherit\" class=\"hierarchy\"/><img src=\"tbl_vjoin.png\" alt=\".\" style=\"background-color: inherit\" class=\"hierarchy\"/><img src=\"icon_reference.png\" alt=\".\" style=\"background-color: #F7F7F7; background-color: inherit\" title=\"Reference to another Resource\" class=\"hierarchy\"/> <a href=\"StructureDefinition-be-model-medication-dispense-definitions.html#BeMedicationDispense.dispensedItem\" title=\".\">dispensedItem</a><a name=\"BeMedicationDispense.dispensedItem\"> </a></td><td style=\"vertical-align: top; text-align : left; background-color: #F7F7F7; border: 0px #F0F0F0 solid; padding:0px 4px 0px 4px\" class=\"hierarchy\"/><td style=\"vertical-align: top; text-align : left; background-color: #F7F7F7; border: 0px #F0F0F0 solid; padding:0px 4px 0px 4px\" class=\"hierarchy\">0..*</td><td style=\"vertical-align: top; text-align : left; background-color: #F7F7F7; border: 0px #F0F0F0 solid; padding:0px 4px 0px 4px\" class=\"hierarchy\"><a href=\"http://hl7.org/fhir/R4/references.html\">CodeableReference</a>()</td><td style=\"vertical-align: top; text-align : left; background-color: #F7F7F7; border: 0px #F0F0F0 solid; padding:0px 4px 0px 4px\" class=\"hierarchy\">Each product that was dispensed<br/></td></tr>\r\n<tr style=\"border: 0px #F0F0F0 solid; padding:0px; vertical-align: top; background-color: white\"><td style=\"vertical-align: top; text-align : left; background-color: white; border: 0px #F0F0F0 solid; padding:0px 4px 0px 4px; white-space: nowrap; background-image: url(tbl_bck110.png)\" class=\"hierarchy\"><img src=\"tbl_spacer.png\" alt=\".\" style=\"background-color: inherit\" class=\"hierarchy\"/><img src=\"tbl_vline.png\" alt=\".\" style=\"background-color: inherit\" class=\"hierarchy\"/><img src=\"tbl_vjoin.png\" alt=\".\" style=\"background-color: inherit\" class=\"hierarchy\"/><img src=\"icon_reference.png\" alt=\".\" style=\"background-color: white; background-color: inherit\" title=\"Reference to another Resource\" class=\"hierarchy\"/> <a href=\"StructureDefinition-be-model-medication-dispense-definitions.html#BeMedicationDispense.dispensedItem.product\" title=\".\">product</a><a name=\"BeMedicationDispense.dispensedItem.product\"> </a></td><td style=\"vertical-align: top; text-align : left; background-color: white; border: 0px #F0F0F0 solid; padding:0px 4px 0px 4px\" class=\"hierarchy\"/><td style=\"vertical-align: top; text-align : left; background-color: white; border: 0px #F0F0F0 solid; padding:0px 4px 0px 4px\" class=\"hierarchy\">0..1</td><td style=\"vertical-align: top; text-align : left; background-color: white; border: 0px #F0F0F0 solid; padding:0px 4px 0px 4px\" class=\"hierarchy\"><a href=\"http://hl7.org/fhir/R4/references.html\">CodeableReference</a>()</td><td style=\"vertical-align: top; text-align : left; background-color: white; border: 0px #F0F0F0 solid; padding:0px 4px 0px 4px\" class=\"hierarchy\">The product that was dispensed - coded or not (e.g. for magistral preparations)</td></tr>\r\n<tr style=\"border: 0px #F0F0F0 solid; padding:0px; vertical-align: top; background-color: #F7F7F7\"><td style=\"vertical-align: top; text-align : left; background-color: #F7F7F7; border: 0px #F0F0F0 solid; padding:0px 4px 0px 4px; white-space: nowrap; background-image: url(tbl_bck110.png)\" class=\"hierarchy\"><img src=\"tbl_spacer.png\" alt=\".\" style=\"background-color: inherit\" class=\"hierarchy\"/><img src=\"tbl_vline.png\" alt=\".\" style=\"background-color: inherit\" class=\"hierarchy\"/><img src=\"tbl_vjoin.png\" alt=\".\" style=\"background-color: inherit\" class=\"hierarchy\"/><img src=\"icon_resource.png\" alt=\".\" style=\"background-color: #F7F7F7; background-color: inherit\" title=\"Resource\" class=\"hierarchy\"/> <a href=\"StructureDefinition-be-model-medication-dispense-definitions.html#BeMedicationDispense.dispensedItem.quantityDispensed\" title=\".\">quantityDispensed</a><a name=\"BeMedicationDispense.dispensedItem.quantityDispensed\"> </a></td><td style=\"vertical-align: top; text-align : left; background-color: #F7F7F7; border: 0px #F0F0F0 solid; padding:0px 4px 0px 4px\" class=\"hierarchy\"/><td style=\"vertical-align: top; text-align : left; background-color: #F7F7F7; border: 0px #F0F0F0 solid; padding:0px 4px 0px 4px\" class=\"hierarchy\">0..1</td><td style=\"vertical-align: top; text-align : left; background-color: #F7F7F7; border: 0px #F0F0F0 solid; padding:0px 4px 0px 4px\" class=\"hierarchy\">quantity</td><td style=\"vertical-align: top; text-align : left; background-color: #F7F7F7; border: 0px #F0F0F0 solid; padding:0px 4px 0px 4px\" class=\"hierarchy\">The amound of product that was dispensed</td></tr>\r\n<tr style=\"border: 0px #F0F0F0 solid; padding:0px; vertical-align: top; background-color: white\"><td style=\"vertical-align: top; text-align : left; background-color: white; border: 0px #F0F0F0 solid; padding:0px 4px 0px 4px; white-space: nowrap; background-image: url(tbl_bck110.png)\" class=\"hierarchy\"><img src=\"tbl_spacer.png\" alt=\".\" style=\"background-color: inherit\" class=\"hierarchy\"/><img src=\"tbl_vline.png\" alt=\".\" style=\"background-color: inherit\" class=\"hierarchy\"/><img src=\"tbl_vjoin.png\" alt=\".\" style=\"background-color: inherit\" class=\"hierarchy\"/><img src=\"icon_datatype.gif\" alt=\".\" style=\"background-color: white; background-color: inherit\" title=\"Data Type\" class=\"hierarchy\"/> <a href=\"StructureDefinition-be-model-medication-dispense-definitions.html#BeMedicationDispense.dispensedItem.dosageInstructions\" title=\".\">dosageInstructions</a><a name=\"BeMedicationDispense.dispensedItem.dosageInstructions\"> </a></td><td style=\"vertical-align: top; text-align : left; background-color: white; border: 0px #F0F0F0 solid; padding:0px 4px 0px 4px\" class=\"hierarchy\"/><td style=\"vertical-align: top; text-align : left; background-color: white; border: 0px #F0F0F0 solid; padding:0px 4px 0px 4px\" class=\"hierarchy\">0..1</td><td style=\"vertical-align: top; text-align : left; background-color: white; border: 0px #F0F0F0 solid; padding:0px 4px 0px 4px\" class=\"hierarchy\"><a href=\"http://hl7.org/fhir/R4/datatypes.html#Dosage\">Dosage</a></td><td style=\"vertical-align: top; text-align : left; background-color: white; border: 0px #F0F0F0 solid; padding:0px 4px 0px 4px\" class=\"hierarchy\">The instructions for use</td></tr>\r\n<tr style=\"border: 0px #F0F0F0 solid; padding:0px; vertical-align: top; background-color: #F7F7F7\"><td style=\"vertical-align: top; text-align : left; background-color: #F7F7F7; border: 0px #F0F0F0 solid; padding:0px 4px 0px 4px; white-space: nowrap; background-image: url(tbl_bck100.png)\" class=\"hierarchy\"><img src=\"tbl_spacer.png\" alt=\".\" style=\"background-color: inherit\" class=\"hierarchy\"/><img src=\"tbl_vline.png\" alt=\".\" style=\"background-color: inherit\" class=\"hierarchy\"/><img src=\"tbl_vjoin_end.png\" alt=\".\" style=\"background-color: inherit\" class=\"hierarchy\"/><img src=\"icon_datatype.gif\" alt=\".\" style=\"background-color: #F7F7F7; background-color: inherit\" title=\"Data Type\" class=\"hierarchy\"/> <a href=\"StructureDefinition-be-model-medication-dispense-definitions.html#BeMedicationDispense.dispensedItem.note\" title=\"Additional information about the dispense - this can be relevant history, any remarks by the patient or professional, etc.\">note</a><a name=\"BeMedicationDispense.dispensedItem.note\"> </a></td><td style=\"vertical-align: top; text-align : left; background-color: #F7F7F7; border: 0px #F0F0F0 solid; padding:0px 4px 0px 4px\" class=\"hierarchy\"/><td style=\"vertical-align: top; text-align : left; background-color: #F7F7F7; border: 0px #F0F0F0 solid; padding:0px 4px 0px 4px\" class=\"hierarchy\">0..*</td><td style=\"vertical-align: top; text-align : left; background-color: #F7F7F7; border: 0px #F0F0F0 solid; padding:0px 4px 0px 4px\" class=\"hierarchy\"><a href=\"http://hl7.org/fhir/R4/datatypes.html#Annotation\" title=\"Annotation\">Annotation</a></td><td style=\"vertical-align: top; text-align : left; background-color: #F7F7F7; border: 0px #F0F0F0 solid; padding:0px 4px 0px 4px\" class=\"hierarchy\">Additional information about the dispensed item<br/></td></tr>\r\n<tr style=\"border: 0px #F0F0F0 solid; padding:0px; vertical-align: top; background-color: white\"><td style=\"vertical-align: top; text-align : left; background-color: white; border: 0px #F0F0F0 solid; padding:0px 4px 0px 4px; white-space: nowrap; background-image: url(tbl_bck00.png)\" class=\"hierarchy\"><img src=\"tbl_spacer.png\" alt=\".\" style=\"background-color: inherit\" class=\"hierarchy\"/><img src=\"tbl_vjoin_end.png\" alt=\".\" style=\"background-color: inherit\" class=\"hierarchy\"/><img src=\"icon_datatype.gif\" alt=\".\" style=\"background-color: white; background-color: inherit\" title=\"Data Type\" class=\"hierarchy\"/> <a href=\"StructureDefinition-be-model-medication-dispense-definitions.html#BeMedicationDispense.note\" title=\"Additional information about the dispense - this can be relevant history, any remarks by the patient or professional, etc.\">note</a><a name=\"BeMedicationDispense.note\"> </a></td><td style=\"vertical-align: top; text-align : left; background-color: white; border: 0px #F0F0F0 solid; padding:0px 4px 0px 4px\" class=\"hierarchy\"/><td style=\"vertical-align: top; text-align : left; background-color: white; border: 0px #F0F0F0 solid; padding:0px 4px 0px 4px\" class=\"hierarchy\">0..*</td><td style=\"vertical-align: top; text-align : left; background-color: white; border: 0px #F0F0F0 solid; padding:0px 4px 0px 4px\" class=\"hierarchy\"><a href=\"http://hl7.org/fhir/R4/datatypes.html#Annotation\" title=\"Annotation\">Annotation</a></td><td style=\"vertical-align: top; text-align : left; background-color: white; border: 0px #F0F0F0 solid; padding:0px 4px 0px 4px\" class=\"hierarchy\">Additional information about the dispense<br/></td></tr>\r\n<tr><td colspan=\"5\" class=\"hierarchy\"><br/><a href=\"http://hl7.org/fhir/R4/formats.html#table\" title=\"Legend for this format\"><img src=\"http://hl7.org/fhir/R4/help16.png\" alt=\"doco\" style=\"background-color: inherit\"/> Documentation for this format</a></td></tr></table></div>"
  },
  "url": "https://www.hl7belgium.org/fhir/StructureDefinition/be-model-medication-dispense",
  "version": "0.1.0-test",
  "name": "BeMedicationDispense",
  "status": "draft",
  "date": "2022-05-27T16:28:46+00:00",
  "publisher": "HL7 Belgium",
  "contact": [
    {
      "telecom": [
        {
          "system": "url",
          "value": "http://hl7belgium.org"
        }
      ]
    }
  ],
  "description": "This is the logical model for the Dispense Record entry - the information that can be captured upon the act of dispensing - in a hospital pharmacy, or a community pharmacy. This is not for a future dispense, rather a record of an actual dispense.",
  "jurisdiction": [
    {
      "coding": [
        {
          "system": "urn:iso:std:iso:3166",
          "code": "BE"
        }
      ]
    }
  ],
  "fhirVersion": "4.0.1",
  "mapping": [
    {
      "identity": "rim",
      "uri": "http://hl7.org/v3",
      "name": "RIM Mapping"
    }
  ],
  "kind": "logical",
  "abstract": false,
  "type": "BeMedicationDispense",
  "baseDefinition": "http://hl7.org/fhir/StructureDefinition/Element",
  "derivation": "specialization",
  "snapshot": {
    "element": [
      {
        "id": "BeMedicationDispense",
        "path": "BeMedicationDispense",
        "short": "An individual record of a medication dispense",
        "definition": "Base definition for all elements in a resource.",
        "min": 0,
        "max": "*",
        "base": {
          "path": "Element",
          "min": 0,
          "max": "*"
        },
        "condition": [
          "ele-1"
        ],
        "constraint": [
          {
            "key": "ele-1",
            "severity": "error",
            "human": "All FHIR elements must have a @value or children",
            "expression": "hasValue() or (children().count() > id.count())",
            "xpath": "@value|f:*|h:div",
            "source": "http://hl7.org/fhir/StructureDefinition/Element"
          }
        ],
        "isModifier": false,
        "mapping": [
          {
            "identity": "rim",
            "map": "n/a"
          }
        ]
      },
      {
        "id": "BeMedicationDispense.id",
        "path": "BeMedicationDispense.id",
        "representation": [
          "xmlAttr"
        ],
        "short": "Unique id for inter-element referencing",
        "definition": "Unique id for the element within a resource (for internal references). This may be any string value that does not contain spaces.",
        "min": 0,
        "max": "1",
        "base": {
          "path": "Element.id",
          "min": 0,
          "max": "1"
        },
        "type": [
          {
            "extension": [
              {
                "url": "http://hl7.org/fhir/StructureDefinition/structuredefinition-fhir-type",
                "valueUrl": "string"
              }
            ],
            "code": "http://hl7.org/fhirpath/System.String"
          }
        ],
        "isModifier": false,
        "isSummary": false,
        "mapping": [
          {
            "identity": "rim",
            "map": "n/a"
          }
        ]
      },
      {
        "id": "BeMedicationDispense.extension",
        "path": "BeMedicationDispense.extension",
        "slicing": {
          "discriminator": [
            {
              "type": "value",
              "path": "url"
            }
          ],
          "description": "Extensions are always sliced by (at least) url",
          "rules": "open"
        },
        "short": "Additional content defined by implementations",
        "definition": "May be used to represent additional information that is not part of the basic definition of the element. To make the use of extensions safe and manageable, there is a strict set of governance  applied to the definition and use of extensions. Though any implementer can define an extension, there is a set of requirements that SHALL be met as part of the definition of the extension.",
        "comment": "There can be no stigma associated with the use of extensions by any application, project, or standard - regardless of the institution or jurisdiction that uses or defines the extensions.  The use of extensions is what allows the FHIR specification to retain a core level of simplicity for everyone.",
        "alias": [
          "extensions",
          "user content"
        ],
        "min": 0,
        "max": "*",
        "base": {
          "path": "Element.extension",
          "min": 0,
          "max": "*"
        },
        "type": [
          {
            "code": "Extension"
          }
        ],
        "constraint": [
          {
            "key": "ele-1",
            "severity": "error",
            "human": "All FHIR elements must have a @value or children",
            "expression": "hasValue() or (children().count() > id.count())",
            "xpath": "@value|f:*|h:div",
            "source": "http://hl7.org/fhir/StructureDefinition/Element"
          },
          {
            "key": "ext-1",
            "severity": "error",
            "human": "Must have either extensions or value[x], not both",
            "expression": "extension.exists() != value.exists()",
            "xpath": "exists(f:extension)!=exists(f:*[starts-with(local-name(.), \"value\")])",
            "source": "http://hl7.org/fhir/StructureDefinition/Extension"
          }
        ],
        "isModifier": false,
        "isSummary": false,
        "mapping": [
          {
            "identity": "rim",
            "map": "n/a"
          }
        ]
      },
      {
        "id": "BeMedicationDispense.identifier",
        "path": "BeMedicationDispense.identifier",
        "short": "The business identifier(s) for the medication dispense session",
        "definition": "The business identifier(s) for the medication dispense session, also known as Session GUID (SGUID).",
        "min": 0,
        "max": "1",
        "base": {
          "path": "BeMedicationDispense.identifier",
          "min": 0,
          "max": "1"
        },
        "type": [
          {
            "code": "Identifier"
          }
        ]
      },
      {
        "id": "BeMedicationDispense.patient",
        "path": "BeMedicationDispense.patient",
        "short": "The person for which the medication is dispensed.",
        "definition": "The person for which the medication is dispensed.",
        "min": 1,
        "max": "1",
        "base": {
          "path": "BeMedicationDispense.patient",
          "min": 1,
          "max": "1"
        },
        "type": [
          {
            "code": "Reference",
            "targetProfile": [
              "https://www.ehealth.fgov.be/standards/fhir/StructureDefinition/be-patient"
            ]
          }
        ]
      },
      {
        "id": "BeMedicationDispense.dispenser",
        "path": "BeMedicationDispense.dispenser",
        "short": "The dispenser, if known and relevant",
        "definition": ".",
        "min": 0,
        "max": "1",
        "base": {
          "path": "BeMedicationDispense.dispenser",
          "min": 0,
          "max": "1"
        }
      },
      {
        "id": "BeMedicationDispense.dispenser.dispenser",
        "path": "BeMedicationDispense.dispenser.dispenser",
        "short": "Reference to person that performed the recording or reporting",
        "definition": "Who was responsible for asserting the observed value as \"true\". (Reference)",
        "min": 1,
        "max": "1",
        "base": {
          "path": "BeMedicationDispense.dispenser.dispenser",
          "min": 1,
          "max": "1"
        },
        "type": [
          {
            "code": "Reference",
            "targetProfile": [
              "https://www.ehealth.fgov.be/standards/fhir/StructureDefinition/be-practitioner"
            ]
          }
        ]
      },
      {
        "id": "BeMedicationDispense.dispenser.organization",
        "path": "BeMedicationDispense.dispenser.organization",
        "short": "Reference to person that performed the recording or reporting",
        "definition": "Who was responsible for asserting the observed value as \"true\". (Reference)",
        "min": 1,
        "max": "1",
        "base": {
          "path": "BeMedicationDispense.dispenser.organization",
          "min": 1,
          "max": "1"
        },
        "type": [
          {
            "code": "Reference",
            "targetProfile": [
              "https://www.ehealth.fgov.be/standards/fhir/StructureDefinition/be-organization"
            ]
          }
        ]
      },
      {
        "id": "BeMedicationDispense.dispenseDate",
        "path": "BeMedicationDispense.dispenseDate",
        "short": "The date when the dispense ocurred",
        "definition": "The date (or date-time) when the dispense ocurred",
        "min": 1,
        "max": "1",
        "base": {
          "path": "BeMedicationDispense.dispenseDate",
          "min": 1,
          "max": "1"
        },
        "type": [
          {
            "code": "dateTime",
            "profile": [
              "http://hl7.org/fhir/StructureDefinition/dateTime"
            ]
          }
        ]
      },
      {
        "id": "BeMedicationDispense.prescription",
        "path": "BeMedicationDispense.prescription",
        "short": "The information about a prescription related to the dispense",
        "definition": ".",
        "min": 0,
        "max": "1",
        "base": {
          "path": "BeMedicationDispense.prescription",
          "min": 0,
          "max": "1"
        },
        "type": [
          {
            "code": "BackboneElement"
          }
        ]
      },
      {
        "id": "BeMedicationDispense.prescription.isPrescribed",
        "path": "BeMedicationDispense.prescription.isPrescribed",
        "short": "Whether this dispense was performed against a prescription",
        "definition": ".",
        "min": 0,
        "max": "1",
        "base": {
          "path": "BeMedicationDispense.prescription.isPrescribed",
          "min": 0,
          "max": "1"
        },
        "type": [
          {
            "code": "boolean"
          }
        ]
      },
      {
        "id": "BeMedicationDispense.prescription.prescription",
        "path": "BeMedicationDispense.prescription.prescription",
        "short": "The prescription identification",
        "definition": ".",
        "min": 0,
        "max": "1",
        "base": {
          "path": "BeMedicationDispense.prescription.prescription",
          "min": 0,
          "max": "1"
        },
        "type": [
          {
            "code": "CodeableReference"
          }
        ]
      },
      {
        "id": "BeMedicationDispense.identifier",
        "path": "BeMedicationDispense.identifier",
        "short": "The business identifier(s) for the medication dispense",
        "definition": "The business identifier(s) for the medication dispense. The DGUID is the current identifier.",
        "min": 0,
        "max": "1",
        "base": {
          "path": "BeMedicationDispense.identifier",
          "min": 0,
          "max": "1"
        },
        "type": [
          {
            "code": "Identifier"
          }
        ]
      },
      {
        "id": "BeMedicationDispense.dispensedItem",
        "path": "BeMedicationDispense.dispensedItem",
        "short": "Each product that was dispensed",
        "definition": ".",
        "min": 0,
        "max": "*",
        "base": {
          "path": "BeMedicationDispense.dispensedItem",
          "min": 0,
          "max": "*"
        },
        "type": [
          {
            "code": "CodeableReference"
          }
        ]
      },
      {
        "id": "BeMedicationDispense.dispensedItem.product",
        "path": "BeMedicationDispense.dispensedItem.product",
        "short": "The product that was dispensed - coded or not (e.g. for magistral preparations)",
        "definition": ".",
        "min": 0,
        "max": "1",
        "base": {
          "path": "BeMedicationDispense.dispensedItem.product",
          "min": 0,
          "max": "1"
        },
        "type": [
          {
            "code": "CodeableReference"
          }
        ]
      },
      {
        "id": "BeMedicationDispense.dispensedItem.quantityDispensed",
        "path": "BeMedicationDispense.dispensedItem.quantityDispensed",
        "short": "The amound of product that was dispensed",
        "definition": ".",
        "min": 0,
        "max": "1",
        "base": {
          "path": "BeMedicationDispense.dispensedItem.quantityDispensed",
          "min": 0,
          "max": "1"
        },
        "type": [
          {
            "code": "quantity"
          }
        ]
      },
      {
        "id": "BeMedicationDispense.dispensedItem.dosageInstructions",
        "path": "BeMedicationDispense.dispensedItem.dosageInstructions",
        "short": "The instructions for use",
        "definition": ".",
        "min": 0,
        "max": "1",
        "base": {
          "path": "BeMedicationDispense.dispensedItem.dosageInstructions",
          "min": 0,
          "max": "1"
        },
        "type": [
          {
            "code": "Dosage"
          }
        ]
      },
      {
        "id": "BeMedicationDispense.dispensedItem.note",
        "path": "BeMedicationDispense.dispensedItem.note",
        "short": "Additional information about the dispensed item",
        "definition": "Additional information about the dispense - this can be relevant history, any remarks by the patient or professional, etc.",
        "min": 0,
        "max": "*",
        "base": {
          "path": "BeMedicationDispense.dispensedItem.note",
          "min": 0,
          "max": "*"
        },
        "type": [
          {
            "code": "Annotation",
            "profile": [
              "http://hl7.org/fhir/StructureDefinition/Annotation"
            ]
          }
        ]
      },
      {
        "id": "BeMedicationDispense.note",
        "path": "BeMedicationDispense.note",
        "short": "Additional information about the dispense",
        "definition": "Additional information about the dispense - this can be relevant history, any remarks by the patient or professional, etc.",
        "min": 0,
        "max": "*",
        "base": {
          "path": "BeMedicationDispense.note",
          "min": 0,
          "max": "*"
        },
        "type": [
          {
            "code": "Annotation",
            "profile": [
              "http://hl7.org/fhir/StructureDefinition/Annotation"
            ]
          }
        ]
      }
    ]
  },
  "differential": {
    "element": [
      {
        "id": "BeMedicationDispense",
        "path": "BeMedicationDispense",
        "short": "An individual record of a medication dispense",
        "min": 0,
        "max": "*"
      },
      {
        "id": "BeMedicationDispense.identifier",
        "path": "BeMedicationDispense.identifier",
        "short": "The business identifier(s) for the medication dispense session",
        "definition": "The business identifier(s) for the medication dispense session, also known as Session GUID (SGUID).",
        "min": 0,
        "max": "1",
        "type": [
          {
            "code": "Identifier"
          }
        ]
      },
      {
        "id": "BeMedicationDispense.patient",
        "path": "BeMedicationDispense.patient",
        "short": "The person for which the medication is dispensed.",
        "definition": "The person for which the medication is dispensed.",
        "min": 1,
        "max": "1",
        "type": [
          {
            "code": "Reference",
            "targetProfile": [
              "https://www.ehealth.fgov.be/standards/fhir/StructureDefinition/be-patient"
            ]
          }
        ]
      },
      {
        "id": "BeMedicationDispense.dispenser",
        "path": "BeMedicationDispense.dispenser",
        "short": "The dispenser, if known and relevant",
        "definition": ".",
        "min": 0,
        "max": "1"
      },
      {
        "id": "BeMedicationDispense.dispenser.dispenser",
        "path": "BeMedicationDispense.dispenser.dispenser",
        "short": "Reference to person that performed the recording or reporting",
        "definition": "Who was responsible for asserting the observed value as \"true\". (Reference)",
        "min": 1,
        "max": "1",
        "type": [
          {
            "code": "Reference",
            "targetProfile": [
              "https://www.ehealth.fgov.be/standards/fhir/StructureDefinition/be-practitioner"
            ]
          }
        ]
      },
      {
        "id": "BeMedicationDispense.dispenser.organization",
        "path": "BeMedicationDispense.dispenser.organization",
        "short": "Reference to person that performed the recording or reporting",
        "definition": "Who was responsible for asserting the observed value as \"true\". (Reference)",
        "min": 1,
        "max": "1",
        "type": [
          {
            "code": "Reference",
            "targetProfile": [
              "https://www.ehealth.fgov.be/standards/fhir/StructureDefinition/be-organization"
            ]
          }
        ]
      },
      {
        "id": "BeMedicationDispense.dispenseDate",
        "path": "BeMedicationDispense.dispenseDate",
        "short": "The date when the dispense ocurred",
        "definition": "The date (or date-time) when the dispense ocurred",
        "min": 1,
        "max": "1",
        "type": [
          {
            "code": "dateTime",
            "profile": [
              "http://hl7.org/fhir/StructureDefinition/dateTime"
            ]
          }
        ]
      },
      {
        "id": "BeMedicationDispense.prescription",
        "path": "BeMedicationDispense.prescription",
        "short": "The information about a prescription related to the dispense",
        "definition": ".",
        "min": 0,
        "max": "1",
        "type": [
          {
            "code": "BackboneElement"
          }
        ]
      },
      {
        "id": "BeMedicationDispense.prescription.isPrescribed",
        "path": "BeMedicationDispense.prescription.isPrescribed",
        "short": "Whether this dispense was performed against a prescription",
        "definition": ".",
        "min": 0,
        "max": "1",
        "type": [
          {
            "code": "boolean"
          }
        ]
      },
      {
        "id": "BeMedicationDispense.prescription.prescription",
        "path": "BeMedicationDispense.prescription.prescription",
        "short": "The prescription identification",
        "definition": ".",
        "min": 0,
        "max": "1",
        "type": [
          {
            "code": "CodeableReference"
          }
        ]
      },
      {
        "id": "BeMedicationDispense.identifier",
        "path": "BeMedicationDispense.identifier",
        "short": "The business identifier(s) for the medication dispense",
        "definition": "The business identifier(s) for the medication dispense. The DGUID is the current identifier.",
        "min": 0,
        "max": "1",
        "type": [
          {
            "code": "Identifier"
          }
        ]
      },
      {
        "id": "BeMedicationDispense.dispensedItem",
        "path": "BeMedicationDispense.dispensedItem",
        "short": "Each product that was dispensed",
        "definition": ".",
        "min": 0,
        "max": "*",
        "type": [
          {
            "code": "CodeableReference"
          }
        ]
      },
      {
        "id": "BeMedicationDispense.dispensedItem.product",
        "path": "BeMedicationDispense.dispensedItem.product",
        "short": "The product that was dispensed - coded or not (e.g. for magistral preparations)",
        "definition": ".",
        "min": 0,
        "max": "1",
        "type": [
          {
            "code": "CodeableReference"
          }
        ]
      },
      {
        "id": "BeMedicationDispense.dispensedItem.quantityDispensed",
        "path": "BeMedicationDispense.dispensedItem.quantityDispensed",
        "short": "The amound of product that was dispensed",
        "definition": ".",
        "min": 0,
        "max": "1",
        "type": [
          {
            "code": "quantity"
          }
        ]
      },
      {
        "id": "BeMedicationDispense.dispensedItem.dosageInstructions",
        "path": "BeMedicationDispense.dispensedItem.dosageInstructions",
        "short": "The instructions for use",
        "definition": ".",
        "min": 0,
        "max": "1",
        "type": [
          {
            "code": "Dosage"
          }
        ]
      },
      {
        "id": "BeMedicationDispense.dispensedItem.note",
        "path": "BeMedicationDispense.dispensedItem.note",
        "short": "Additional information about the dispensed item",
        "definition": "Additional information about the dispense - this can be relevant history, any remarks by the patient or professional, etc.",
        "min": 0,
        "max": "*",
        "type": [
          {
            "code": "Annotation",
            "profile": [
              "http://hl7.org/fhir/StructureDefinition/Annotation"
            ]
          }
        ]
      },
      {
        "id": "BeMedicationDispense.note",
        "path": "BeMedicationDispense.note",
        "short": "Additional information about the dispense",
        "definition": "Additional information about the dispense - this can be relevant history, any remarks by the patient or professional, etc.",
        "min": 0,
        "max": "*",
        "type": [
          {
            "code": "Annotation",
            "profile": [
              "http://hl7.org/fhir/StructureDefinition/Annotation"
            ]
          }
        ]
      }
    ]
  }
}